Marathon,Year,Name,Time,Place
NYC,2015,SHIRLEY LANDRY,3:32:18,4464
NYC,2015,AHMAD ASSEGAF,4:00:32,12627
NYC,2015,BUDI DJAFAR,4:03:41,13664
NYC,2015,ERIC DALIMARTA,4:14:42,17523
NYC,2015,DEBORAH HIDAJAT,4:21:41,20227
NYC,2015,STANLEY ANGKODJOJO,4:35:06,25436
NYC,2015,SHAUN WANGIDJAJA,4:36:25,25952
NYC,2015,RINA TAMBUNAN,4:45:39,29326
NYC,2015,GENIO ATYANTO,4:46:05,29487
NYC,2015,REZA PRATAMA,4:58:56,34031
NYC,2015,ANANDA HERMANTO,4:59:29,34228
NYC,2015,KUSUMA NIO,5:00:58,34702
NYC,2015,HIMAWAN SUPARYO,5:01:36,34892
NYC,2015,MIRNA YOGIAMAN,5:06:01,36024
NYC,2015,ENNY TANOTO,5:11:55,37453
NYC,2015,GARRY KAMIL,5:12:16,37530
NYC,2015,EKA PUTRA,5:14:18,37993
NYC,2015,FAIZIN KADNI,5:26:35,40692
NYC,2015,RAYENDRA TOBING,5:29:40,41307
NYC,2015,WIDURI SRUMENGANTI,5:46:06,43928
NYC,2015,SUZI HERAWATI,5:47:56,44144
NYC,2015,CLARA WANATIRTA,5:49:24,44324
NYC,2015,RINA ADELYNE,5:54:57,44992
NYC,2015,ADRIAN GUNADI,5:56:33,45188
NYC,2015,VICI SHAWEDDY,5:57:07,45257
NYC,2015,DECY JAVAHERI,6:00:51,45647
NYC,2015,MOHAMMAD SISWO,6:10:41,46483
NYC,2015,NOVIE HERNAWATI,6:13:26,46661
NYC,2016,BUDI ZAIN,3:49:17,9161
NYC,2016,IMAN ADIWIBOWO,3:54:32,10920
NYC,2016,ADRIANSYAH CHANIAGO,3:56:24,11678
NYC,2016,BUDI DJAFAR,4:19:09,20491
NYC,2016,DANTE HARBUWONO,4:28:25,24388
NYC,2016,REZA PRABOWO,4:39:32,28600
NYC,2016,HARTANTO NG,4:47:58,31599
NYC,2016,BAGUS BUDIANTO,4:48:39,31878
NYC,2016,RIZAL TANDIAWAN,4:52:19,33286
NYC,2016,MULYA MASHUDI,4:58:38,35580
NYC,2016,RIANA MONTISANO,4:59:03,35728
NYC,2016,RAMADHAN SENTOUSA,5:02:13,36687
NYC,2016,NOVIANA SADIKIN,5:02:27,36756
NYC,2016,CHRESTOFEL UNEPUTTY,5:05:03,37458
NYC,2016,AHMAD NURHANI,5:11:11,39036
NYC,2016,ERIK SUBARNA,5:11:52,39195
NYC,2016,ANDARU DJAJA,5:13:10,39529
NYC,2016,KETUT KUSUMA,5:13:26,39589
NYC,2016,RACHMAWATI CHANDRANINGRUM,5:15:02,39941
NYC,2016,HALIM NGATIDJAN,5:16:11,40213
NYC,2016,WIENTORO PRASETYO,5:24:59,42101
NYC,2016,SUCHANDRA TANJUNG,5:28:10,42702
NYC,2016,GUNAWAN HADIWIDJAJA,5:32:03,43478
NYC,2016,HARRYJANTO LASMANA,5:41:11,44973
NYC,2016,TIARA WREKSOATMODJO,5:42:02,45103
NYC,2016,EKOPUTRO ADIDJAJANTO,5:45:02,45520
NYC,2016,INDRA UNO,5:47:02,45834
NYC,2016,HOLIP SOEKAWAN,5:48:36,46030
NYC,2016,ELLIANAH SETIADY,5:50:05,46236
NYC,2016,WINDY HARUN,5:50:40,46300
NYC,2016,DANIEL PARULIAN,5:54:58,46832
NYC,2016,RUDY HARTONO,5:55:41,46922
NYC,2016,SJAFRIANDI AS,6:11:19,48322
NYC,2016,CHRISTIN ISKANDAR,6:11:38,48347
NYC,2016,NURLENI SYAHUNI,6:15:58,48647
NYC,2016,SUZI HERAWATI,6:23:30,49077
NYC,2016,ADHIPUTRA TANOYO,6:24:41,49145
NYC,2016,IMELDA LUBIS,6:24:43,49147
NYC,2016,JULISE SULAIMAN,6:33:54,49608
NYC,2016,NURKHALISHAH ABDULRAHIM,6:39:44,49852
NYC,2016,SIAUW GO,6:39:44,49853
NYC,2016,TEDJO HATMADI,6:46:15,50083
NYC,2016,JUBI TOBING,6:57:45,50421
NYC,2016,ARDIAN TRISURA,7:21:29,50853
NYC,2016,FITRI RAMLI,7:21:29,50854
NYC,2017,BUI TJHIN,3:21:01,3194
NYC,2017,JERRY MAMBAITFETO,3:47:00,8974
NYC,2017,CANNIGIA LALUW,3:49:44,9864
NYC,2017,ADRIAN KOESNENDAR,3:52:43,10893
NYC,2017,ADYSTRA HERAYANTO,4:08:50,17061
NYC,2017,AYUNINGRUM HARYOKUSUMO,4:18:42,20696
NYC,2017,KRISTY HARDONO,4:19:30,20978
NYC,2017,DEBORAH HIDAJAT,4:32:02,25886
NYC,2017,BUDI DJAFAR,4:41:45,29424
NYC,2017,LINDA WIRANTANA,4:44:49,30473
NYC,2017,FIFI BONEFACIA,4:50:42,32525
NYC,2017,FNU BOIMIN,4:51:33,32829
NYC,2017,SAN TJEN,4:54:21,33778
NYC,2017,JEREMY SEBASTIAN,4:54:52,33943
NYC,2017,ADISATRYA SULISTO,4:56:10,34362
NYC,2017,SAMUEL MARIO,5:02:40,36369
NYC,2017,ROBBYANTO BUDIMAN,5:07:49,37638
NYC,2017,CRESCENTO HERMAWAN,5:11:46,38564
NYC,2017,NATASHA BUDIMAN,5:12:50,38803
NYC,2017,LISTYA GARDHIANI,5:13:10,38889
NYC,2017,ALEXANDER ERTANTO,5:22:11,40894
NYC,2017,MARIANTY INDIRA,5:22:50,41015
NYC,2017,ONIARI SITOMPUL,5:30:04,42380
NYC,2017,PRETTY SOELAIMAN,5:30:50,42532
NYC,2017,NADIA DIWAS,5:32:21,42775
NYC,2017,GUNAWAN SAMIADJI,5:32:47,42837
NYC,2017,BENYAMIN SAPIIE,5:39:08,43842
NYC,2017,RUTHY OCTAVIA,5:41:27,44176
NYC,2017,LINDA KANDOUW,5:47:15,44940
NYC,2017,TRI SANDIRI,5:50:25,45345
NYC,2017,AKE PANGESTUTI,5:57:32,46238
NYC,2017,ANDRI SETIABUDI,6:03:23,46867
NYC,2017,JULISE SULAIMAN,6:12:09,47526
NYC,2017,REZZA PRISANDY,6:15:04,47737
NYC,2017,JASHINTA FELYCIA,6:19:35,48055
NYC,2017,ANAK DEWI,6:21:02,48147
NYC,2017,ARIE QUICK,6:24:57,48387
NYC,2017,SANDRA TUNGTEAKKHUN,6:27:25,48520
NYC,2017,FUNGNIWATI DARMAWAN,6:28:59,48629
NYC,2017,VIVIN ALVINA,6:32:11,48785
NYC,2017,VIVI BONG,6:36:41,48953
NYC,2017,ANDHIKA SETIJANTO,6:39:47,49082
NYC,2017,RIZAL PRASETIJO,6:54:46,49603
NYC,2017,REVI SITOMPUL,6:57:46,49670
NYC,2017,LELA YULIANTIKA,7:11:54,49984
NYC,2017,DYMAS SATRIOPROJO,7:15:50,50037
NYC,2017,ANZRI ZULFIKAR,7:24:07,50164
NYC,2017,BINDRA SETYAUTAMA,7:32:09,50289
NYC,2018,ADRIANSYAH CHANIAGO,3:41:44,8101
NYC,2018,AHMAD AMIRUDDIN,3:44:51,8948
NYC,2018,HANG RIDHAN,4:02:31,15332
NYC,2018,ANNY GORAT,4:09:58,17806
NYC,2018,MELANIE SARI,4:10:16,17903
NYC,2018,YANI YANI,4:10:21,17947
NYC,2018,ANTONIUS WICAKSONO,4:14:37,19527
NYC,2018,FAIZIN KADNI,4:17:55,20810
NYC,2018,WINNETOU WINNETOU,4:19:42,21494
NYC,2018,HENDRA DJAJA,4:22:17,22466
NYC,2018,HENDRI WIDIARTA,4:30:14,25658
NYC,2018,HARRY SOERIAATMADJA,4:32:33,26542
NYC,2018,EVA KARTIKA,4:37:58,28517
NYC,2018,WIDIARTI YUWONO,4:38:00,28524
NYC,2018,STEVANUS CHANDRA,4:44:15,30853
NYC,2018,SABAM NADEAK,4:45:12,31214
NYC,2018,ABDI UTAMA,4:45:14,31225
NYC,2018,BUDI HALIM,4:48:47,32514
NYC,2018,JOHANES ADINATA,4:50:45,33218
NYC,2018,AMADEUS AHNAN,4:53:20,34104
NYC,2018,DINA ADJARADJI,4:55:52,34966
NYC,2018,INDAH MIRAH,4:56:18,35123
NYC,2018,VICI SHAWEDDY,4:57:23,35503
NYC,2018,RIZAL ARYA,5:00:53,36609
NYC,2018,HENDRIK SASMITO,5:01:01,36643
NYC,2018,ADRIANSYAH SINAGA,5:02:08,36982
NYC,2018,CHARLEY SELIANG,5:02:32,37103
NYC,2018,LAUZA SUTOWO,5:02:55,37214
NYC,2018,JEFFRY HUSMAN,5:03:38,37410
NYC,2018,BUNTORO FERRY,5:04:10,37549
NYC,2018,JOHAN NUGRAHA,5:05:46,37976
NYC,2018,EDI TJOENG,5:13:14,39799
NYC,2018,MEDIAS OKTAVIANI,5:17:57,40881
NYC,2018,ADHNI MULACHELA,5:18:45,41031
NYC,2018,ANDI SAPUTRA,5:19:09,41106
NYC,2018,JIMMY KOSASIH,5:21:18,41609
NYC,2018,DAISY LIEMONTA,5:22:05,41808
NYC,2018,MARIA SIMBUNG,5:24:44,42359
NYC,2018,SABRINA GHANI,5:32:29,43905
NYC,2018,RENATO JOESAKI,5:33:42,44117
NYC,2018,PRETTY SOELAIMAN,5:33:47,44129
NYC,2018,RUBISMO SOEDIONO,5:42:47,45578
NYC,2018,ASMARA SISWANDARI,5:44:07,45826
NYC,2018,JESSICA SEK,5:44:35,45895
NYC,2018,IRMA SETYOWATI,5:44:37,45901
NYC,2018,IBNU JAMIL,5:48:05,46422
NYC,2018,TIMUR SUKIRNO,5:51:08,46857
NYC,2018,DIDIT ARDYANTO,5:51:40,46937
NYC,2018,ADRIAN RIYADI,5:52:39,47057
NYC,2018,RATNA MARAMIS,5:53:13,47144
NYC,2018,RIZTA FALAK,5:53:27,47167
NYC,2018,WIDIANAWATI ADHININGRAT,5:57:35,47701
NYC,2018,ROY ANTHONY,5:58:32,47825
NYC,2018,ADI DARMAPUTRA,6:00:12,48023
NYC,2018,PINARDI PRIAMBODO,6:00:31,48057
NYC,2018,FRIDA DJIWOUTOMO,6:00:57,48111
NYC,2018,EMIRA ESMERALDA,6:02:52,48335
NYC,2018,DIDI NOVRIAN,6:03:57,48438
NYC,2018,ANDREAS SUKOWIJOYO,6:09:44,48978
NYC,2018,ANDHIKA PRATAMA,6:10:00,49005
NYC,2018,SUZI HERAWATI,6:16:03,49514
NYC,2018,CHRISTIAN REGAR,6:17:29,49614
NYC,2018,MOHAMAD GOMSONI,6:27:39,50264
NYC,2018,INDRA SUPRIADI,6:29:44,50396
NYC,2018,SHINTA DEWANTI,6:39:42,50868
NYC,2018,CUT CYNTHIA,6:56:56,51585
NYC,2018,MURSOSAN WIGUNA,7:00:32,51681
NYC,2018,MUHAMMAD JUNANTO,7:25:14,52216
NYC,2019,MEILI THESJEN,3:30:05,6194
NYC,2019,JOHNY USMAN,3:40:13,8727
NYC,2019,HENRY GUNARDI,3:40:49,8890
NYC,2019,AULIA IBRAHIM,3:41:26,9033
NYC,2019,STEFANUS WIDJAJA,3:45:04,10058
NYC,2019,ANTHONEUS DJATI,3:47:48,10878
NYC,2019,SUDI HARSONO,3:47:50,10888
NYC,2019,MAULANA INDRAGUNA,3:48:22,11103
NYC,2019,AGUS UTOJO,3:55:47,13853
NYC,2019,DOLLY LESMANA,4:01:07,16236
NYC,2019,HENRY USMAN,4:02:31,16703
NYC,2019,ANDREW LIMANTO,4:02:37,16747
NYC,2019,ALDWIN HENDRADI,4:04:34,17404
NYC,2019,APRILLYA SIHOMBING,4:05:06,17598
NYC,2019,ARIEF RACHMATTULLOH,4:08:23,18768
NYC,2019,FERRY KANGSADJAJA,4:10:58,19677
NYC,2019,HELEN LUCIANA,4:13:23,20595
NYC,2019,HUI OUW,4:13:44,20728
NYC,2019,MOHAMMAD HARAHAP,4:14:48,21165
NYC,2019,INGRID FIRMANSJAH,4:16:14,21714
NYC,2019,BAMBANG SUDIYANTO,4:16:40,21886
NYC,2019,SETIYO WIBOWO,4:16:56,21997
NYC,2019,LANNY LEIMAN,4:17:20,22139
NYC,2019,KEVIN BUNARJO,4:19:27,22987
NYC,2019,DANNY SIWU,4:20:27,23356
NYC,2019,SYANE LUNTUNGAN,4:22:11,24023
NYC,2019,HANDOKO UTOMO,4:22:39,24206
NYC,2019,SULISTIAWATI SUPRAPTO,4:23:10,24393
NYC,2019,ANDY SARDJITO,4:24:04,24745
NYC,2019,ANDRE RAHARDJO,4:24:04,24748
NYC,2019,BAYU WIDYANTO,4:24:22,24859
NYC,2019,HARRY SOERIAATMADJA,4:24:39,24976
NYC,2019,NISHA BHAMBHANI,4:24:40,24983
NYC,2019,CHRISTOPHER TOBING,4:24:45,25008
NYC,2019,MAYA WATONO,4:26:52,25826
NYC,2019,FAIZIN KADNI,4:27:26,26069
NYC,2019,RICKY RICKY,4:27:28,26078
NYC,2019,RIJAN TIANUS,4:27:43,26181
NYC,2019,SALLY TANUDJAJA,4:28:00,26298
NYC,2019,YAN GHO,4:29:42,26994
NYC,2019,SETIAWAN SUDHARMA,4:30:11,27191
NYC,2019,BEY SUBAGIO,4:31:27,27659
NYC,2019,KELVIN KELVIN,4:32:26,28040
NYC,2019,ANDI ZULFIKAR,4:32:30,28058
NYC,2019,MATIAS IBO,4:33:05,28273
NYC,2019,SLAMET SUDIJONO,4:35:24,29137
NYC,2019,BUDIYANTO SUSANTO,4:36:03,29359
NYC,2019,SUDJONO SUDJONO,4:36:23,29473
NYC,2019,CHRISTOPHER KAPUANGAN,4:36:25,29488
NYC,2019,HIMAWAN SUTANTO,4:37:07,29739
NYC,2019,RIZKY RAHMADHANY,4:37:11,29757
NYC,2019,HILDA NOVIANTI,4:37:58,30015
NYC,2019,ELLY MINIARTI,4:39:38,30597
NYC,2019,AGUS TAMIN,4:40:07,30794
NYC,2019,FRITZ WINATA,4:40:29,30917
NYC,2019,BERNARD JUANO,4:40:30,30918
NYC,2019,RIYANTO CHANDRA,4:40:48,31036
NYC,2019,GIBRAN ABIDIN,4:41:16,31237
NYC,2019,YULVIRA SAVINDRI,4:42:10,31534
NYC,2019,LEONARTA WIJAYA,4:42:41,31715
NYC,2019,HELEN SUSANTO,4:42:43,31726
NYC,2019,YUDI WIJAKSANA,4:44:28,32373
NYC,2019,TITUS KS,4:44:53,32522
NYC,2019,REZA HARUMAN,4:44:54,32523
NYC,2019,ANDRE SUSANTO,4:47:08,33288
NYC,2019,NGADIMAN DATI,4:47:16,33336
NYC,2019,OCTO SAPUTRA,4:47:19,33351
NYC,2019,LINA SOELIANTO,4:48:29,33769
NYC,2019,ELYAN ROBERT,4:48:47,33871
NYC,2019,DENNI MUHARAM,4:48:57,33940
NYC,2019,SIGI DEWI,4:49:23,34085
NYC,2019,OCTAVIANUS TEDJOJUWONO,4:49:33,34143
NYC,2019,BAARY HATMADJA,4:51:30,34776
NYC,2019,DENNY GURNADI,4:51:55,34909
NYC,2019,SUGANI LEMAN,4:52:04,34978
NYC,2019,MARIA CHANDRA,4:52:05,34987
NYC,2019,IRWAN CHANDRA,4:53:56,35589
NYC,2019,SUNGKAR JAUW,4:55:13,36057
NYC,2019,MARAHLAUT NOER,4:55:19,36095
NYC,2019,JABEZ PIETERS,4:55:33,36197
NYC,2019,KRISTOMUS IWO,4:56:57,36649
NYC,2019,GLENN SEBASTIAN,4:56:58,36650
NYC,2019,WANTI SYAIFULLAH,4:57:16,36755
NYC,2019,OKI SIREGAR,4:57:49,36964
NYC,2019,MIFTAHUL YAZID,4:57:55,36988
NYC,2019,SYLVIA NOVIETA,5:06:15,39280
NYC,2019,ERLANGGA ARIADARMA,5:06:46,39410
NYC,2019,JENNY SULAIMAN,5:10:58,40418
NYC,2019,SARAH USMAN,5:11:40,40591
NYC,2019,ANDREAS KANSIL,5:11:45,40614
NYC,2019,EDBERT BUDIONO,5:12:20,40739
NYC,2019,MERIAM KATOMBO,5:12:48,40846
NYC,2019,TRIJONO MARTONO,5:13:42,4150
NYC,2019,CAROL PIETER,5:14:18,41186
NYC,2019,ADRIANUS SATRIO,5:14:55,41336
NYC,2019,ELIANA IPUNG,5:15:38,41491
NYC,2019,SUSAN BACHTIAR,5:15:42,41515
NYC,2019,FUAD ALHADI,5:17:24,41862
NYC,2019,SURATNO SURATNO,5:17:47,41961
NYC,2019,HENDRIAN TJEN,5:20:15,42451
NYC,2019,RENI MARLINA,5:20:36,42528
NYC,2019,NI MARINO,5:21:04,42622
NYC,2019,JULYASARI JULYASARI,5:21:12,42657
NYC,2019,IRENE THESMAN,5:23:09,4365
NYC,2019,HERWAN NG,5:24:18,43288
NYC,2019,MOCHAMAD TAMARY,5:24:28,43320
NYC,2019,AUDIE FITRADI,5:24:45,43374
NYC,2019,GINNY WIRAWAN,5:25:11,43463
NYC,2019,ROBERT SIHOMBING,5:27:03,43829
NYC,2019,RATNA MARAMIS,5:28:57,44216
NYC,2019,ADI WIJAYA,5:29:09,44264
NYC,2019,RONAL MANURUNG,5:29:47,44385
NYC,2019,JESSICA TJUNG,5:31:11,44646
NYC,2019,PATRICK KALONA,5:32:10,44834
NYC,2019,PINARDI PRIAMBODO,5:32:13,44844
NYC,2019,SUFERDIAN SUFERDIAN,5:32:40,44928
NYC,2019,DEWI DAMAYANTI,5:33:58,45128
NYC,2019,ABIETA BILLY,5:34:26,45206
NYC,2019,ARIEF WANA,5:35:05,45302
NYC,2019,PURWANINGSIH WIJI,5:35:24,45372
NYC,2019,RIYANA KADARSARI,5:36:37,45579
NYC,2019,MOHAMMAD SALAHUDDIN,5:36:45,45596
NYC,2019,MUHAMMAD MULIAWAN,5:38:09,45801
NYC,2019,ALYA SANI,5:38:31,45858
NYC,2019,MELDA SADIKIN,5:38:52,45909
NYC,2019,RICKY VERLIAN,5:40:04,46117
NYC,2019,MICHAEL SUPIT,5:40:20,46162
NYC,2019,LINA HARDY,5:40:48,46249
NYC,2019,YOVITA ANANTA,5:43:26,46668
NYC,2019,SUHARTANTO SUHARTANTO,5:45:07,46926
NYC,2019,NURLY MULYADI,5:45:27,46980
NYC,2019,DWI ANGGRAINI,5:46:06,4765
NYC,2019,BONA FITHRAH,5:48:44,47388
NYC,2019,ANDRIO SAFIRO,5:49:22,47470
NYC,2019,AMARILIA ESMERALDA,5:50:13,47596
NYC,2019,BOWO PRAMOEDITO,5:50:35,47643
NYC,2019,ALVIN BARLIAN,5:50:40,47658
NYC,2019,SITI PRADITHYA,5:50:48,47679
NYC,2019,AMELIA GANESHANTY,5:51:02,47707
NYC,2019,HERLINA BUDIMAN,5:51:13,47742
NYC,2019,OSCAR GOMULIA,5:51:34,47796
NYC,2019,JIMMY RANDIATMOKO,5:51:43,47811
NYC,2019,JULIANY NURDIN,5:52:12,47888
NYC,2019,WETHANDRIE RAMADHAN,5:52:35,47937
NYC,2019,GRACE LOEKMAN,5:53:14,48009
NYC,2019,RICKY WAHJUDI,5:55:07,48226
NYC,2019,ANTONIUS GUNAWAN,5:55:26,48272
NYC,2019,PAULUS GANDHANYA,5:55:47,48330
NYC,2019,NATASHA EKAPUTRI,5:56:03,48360
NYC,2019,RIRIN ROSALIN,5:57:35,48576
NYC,2019,HENDY SETIAWAN,5:57:36,48577
NYC,2019,FRANSISCA SUYONO,5:58:01,48639
NYC,2019,NURDIANA TAJUDDIN,5:58:13,48668
NYC,2019,GADIZA HARTAWAN,5:58:14,48672
NYC,2019,SILVIA HALIM,5:59:21,48789
NYC,2019,JOHANA TEJA,5:59:22,48791
NYC,2019,JULIA SUDJONO,5:59:24,48793
NYC,2019,AMELIA SUKARMAN,5:59:36,48814
NYC,2019,JOHANES HANDOKO,6:00:07,48871
NYC,2019,FEMMY BAHROEN,6:00:28,48911
NYC,2019,YASMIN LATIEF,6:05:01,49336
NYC,2019,KARIN ZULKARNAEN,6:11:08,49850
NYC,2019,REINA PAWITRA,6:13:14,49997
NYC,2019,ARINDYA ANINDITA,6:14:55,50127
NYC,2019,ROSI WIDODO,6:15:01,50134
NYC,2019,VIGA NASUTION,6:15:19,50157
NYC,2019,SUKOWATI SOSRODJOJO,6:16:40,50261
NYC,2019,SVIDA ALISJAHBANA,6:22:38,50652
NYC,2019,SUJAYADI WAHONO,6:23:00,50672
NYC,2019,WILLIAM TANUJAYA,6:24:23,50756
NYC,2019,SISKA HERRANI,6:25:00,50797
NYC,2019,KARINA LINARDY,6:27:37,50962
NYC,2019,TRY WIBOWO,6:29:15,5185
NYC,2019,HANNY MANTHOVANY,6:29:16,5186
NYC,2019,DINA ANDINI,6:33:23,51305
NYC,2019,AZIS ARMAND,6:33:26,51306
NYC,2019,DASWAR MARPAUNG,6:33:30,51312
NYC,2019,DENY HESTININGRUM,6:33:49,51332
NYC,2019,WILIANTO POALER,6:40:03,51638
NYC,2019,ARDJUNA SITORUS,6:43:11,51765
NYC,2019,ANDRIE GOTAMA,6:47:04,51930
NYC,2019,MUHAMMAD SATRIYONEGORO,6:47:24,51940
NYC,2019,ANNE SUTANTO,6:54:05,52160
NYC,2019,MARCELLA HARTONO,6:57:02,52251
NYC,2019,BERNADETTE CONY,7:00:02,52352
NYC,2019,MARIA SOSROSEPUTRO,7:00:50,52395
NYC,2019,DWI SULISTIAWAN,7:04:00,52479
NYC,2019,DIDIEN SOFWAN,7:07:34,52579
NYC,2019,AGUNG GUNAWAN,7:16:08,52768
NYC,2019,ANGGIA MARYORIE,7:30:14,5326
NYC,2019,FLORENTIA AMBARUKMI,7:37:43,53112
NYC,2019,CATUR SOEMADI,7:48:45,53223
NYC,2019,ENENG ANDRIANI,8:16:00,53420
NYC,2021,FARRY ONGKOWIDJAJA,3:19:35,1647
NYC,2021,HENGKIE KURNIAWAN,4:03:37,7929
NYC,2021,KINNARI NOROJONO,4:55:10,16354
NYC,2021,MIRANDA ADIANTI,4:56:33,16602
NYC,2021,JANA WINATAPRADJA,5:12:31,18520
NYC,2021,OKI YANUAR,5:21:24,19351
NYC,2021,YVONNE MEWENGKANG,5:37:26,20738
NYC,2021,ADRIANUS SATRIO,5:45:00,21337
NYC,2021,LISA DEWI,5:58:57,22192
NYC,2022,ALAN DJALALUDDIN,4:02:38,10588
NYC,2022,DICKY YORDAN,4:19:31,15413
NYC,2022,DEVIN WIRAWAN,4:27:41,1896
NYC,2022,MUFTI UTOMO,4:29:58,18895
NYC,2022,MARRISA WIDIYANTI,4:30:31,1971
NYC,2022,DIEYAN BERNARD,4:30:32,1982
NYC,2022,MIKUNI GANI,4:31:02,19258
NYC,2022,JOKO PHIE,4:34:06,20230
NYC,2022,ANTARIUS PATIARA,4:34:44,20436
NYC,2022,HANDAYANI HALIM,4:36:49,21161
NYC,2022,ANGUS KURNIAWAN,4:37:17,21341
NYC,2022,ANDREANI RUSTANDI,4:39:29,2225
NYC,2022,ASTRA KUSNOHARDJO,4:41:25,22693
NYC,2022,JOHAN TJIANG,4:42:01,22887
NYC,2022,JOYCE ARTA,4:43:27,23372
NYC,2022,YULIA SUMENDAP,4:43:57,23556
NYC,2022,CHOON SIM,4:44:56,23940
NYC,2022,QUEENTRY SONDARI,4:49:41,25576
NYC,2022,KARTIKA HENDRAWAN,4:51:29,26153
NYC,2022,FITRIWATY TANUWIDJAJA,4:53:45,26905
NYC,2022,RACHMAT SUGIANTO,4:58:07,28389
NYC,2022,AMANDA AZZAHRA,4:59:06,28706
NYC,2022,ASTRID PRASETYA,4:59:59,29007
NYC,2022,DASDO SINAGA,5:01:08,29363
NYC,2022,MAURA TUPAMAHU,5:02:28,29720
NYC,2022,FERNANDO SITORUS,5:07:23,30978
NYC,2022,MAYA SUWANDONO,5:08:00,31131
NYC,2022,FAIZIN KADNI,5:10:46,31875
NYC,2022,HELEN SUJANTO,5:12:50,32404
NYC,2022,LISAN SUBAGIO,5:15:44,33115
NYC,2022,NI MULIYATI,5:15:45,33119
NYC,2022,HANDI HARTANTO,5:16:08,33214
NYC,2022,DERISA ZAHARA,5:16:37,33339
NYC,2022,AGOSTINA LEOWARDI,5:18:42,33867
NYC,2022,BACHTIAR THAMRIN,5:18:56,33904
NYC,2022,FRANSISKA EKASARI,5:23:00,34808
NYC,2022,ALEXANDER RASJID,5:26:47,35690
NYC,2022,EVAN MULYANA,5:28:29,36104
NYC,2022,RISKA RAHMAWATI,5:29:27,36335
NYC,2022,NIXON NAPITUPULU,5:31:09,36691
NYC,2022,HANA SUGOTO,5:31:15,36729
NYC,2022,SAWITRI YUWONO,5:34:56,37458
NYC,2022,BENNY SITOHANG,5:40:38,38547
NYC,2022,DWI WIJAYANTO,5:41:55,38799
NYC,2022,FERMICO KARAMBUT,5:43:03,3913
NYC,2022,HIZKIA SUSANTO,5:45:56,39524
NYC,2022,NADIA NASOETION,5:49:13,40108
NYC,2022,ALYSHA PRIMASANY,5:49:33,40167
NYC,2022,CANNIGIA LALUW,5:49:34,40169
NYC,2022,RAMON ARMANDO,5:50:41,40331
NYC,2022,AMYRA UNO,5:50:52,40361
NYC,2022,DARWIN MANURUNG,5:53:53,40837
NYC,2022,FELICITY SEK,5:55:30,4177
NYC,2022,CHRISTIAN WANANDI,5:55:46,41133
NYC,2022,WILDY KOMARA,5:57:38,41421
NYC,2022,ANDRI SINAGA,6:02:05,4271
NYC,2022,YASSER FARACHAN,6:03:37,42259
NYC,2022,MUHAMMAD YUSLAN,6:04:30,42390
NYC,2022,JUSTINUS UTOMO,6:04:54,42434
NYC,2022,DESSY ARFIANNI,6:06:06,42566
NYC,2022,ERRYN NANIKO,6:06:22,42600
NYC,2022,RUSNA RUSNA,6:11:01,4371
NYC,2022,CHANDRAWATI ZULFIKAR,6:11:15,4395
NYC,2022,ADRIANUS SATRIO,6:15:58,43547
NYC,2022,ARTUR BATUBARA,6:16:22,43589
NYC,2022,RONALD MANULLANG,6:17:56,43732
NYC,2022,LINA PRAMAWATI,6:26:37,44504
NYC,2022,KUMALASARI KARTINI,6:30:25,44780
NYC,2022,HASAN RAMDAN,6:32:30,44912
NYC,2022,INNE SOEMARTONO,6:33:16,44970
NYC,2022,HANDOKO HANDOKO,6:33:18,44973
NYC,2022,LYDIA ISNANTO,6:41:35,45475
NYC,2022,MEI TOPING,6:52:16,4613
NYC,2022,BEPPY KALIGIS,7:36:18,47206
NYC,2023,DAVID POEYAMIDJAYA,3:05:04,1815
NYC,2023,NALENDRA CHARISMAWAN,3:13:59,2864
NYC,2023,RIKI WIJAYA,3:18:09,3518
NYC,2023,YUSA HARYADI,3:25:27,4737
NYC,2023,JENNY HARTANTO,3:27:29,5131
NYC,2023,DANIEL GIOVANNI,3:30:52,5921
NYC,2023,ROY LIE,3:45:49,9555
NYC,2023,SORAYA LARASATI,3:49:48,10750
NYC,2023,DANIEL MANANTA,3:51:28,11285
NYC,2023,HENGKIE KURNIAWAN,3:52:56,11751
NYC,2023,AGNES YULIAVITRIANI,3:53:23,11885
NYC,2023,WILLY NG,3:58:35,13908
NYC,2023,DAHNIAR HARINYOTO,3:58:48,13997
NYC,2023,RIYO WISAKSONO,4:03:01,15505
NYC,2023,WILLIAM SUTANTO,4:07:19,16826
NYC,2023,PO BUDIMAN,4:07:29,16893
NYC,2023,YOAN CATHERINA,4:10:21,17840
NYC,2023,KANG JIMMI,4:11:10,18133
NYC,2023,DENNY CHIRSTIAN,4:12:38,18638
NYC,2023,HENGKI LESTONO,4:13:16,18871
NYC,2023,HANDOKO UTOMO,4:14:18,19242
NYC,2023,MIZA APRIDORA,4:20:03,21225
NYC,2023,TEDDY OETOMO,4:21:02,21584
NYC,2023,SILVIA WIDJAJA,4:22:48,22178
NYC,2023,IVY TJAHJANTO,4:23:20,22359
NYC,2023,HANS HANS,4:27:39,23894
NYC,2023,IVANA SURYADINATA,4:27:40,23900
NYC,2023,PAULUS YOESOEF,4:28:40,24278
NYC,2023,TONY HARIMAN,4:29:51,24699
NYC,2023,SUNGKAR JAUW,4:32:38,25606
NYC,2023,HAVID HANDANI,4:34:20,26184
NYC,2023,RIANA MONTISANO,4:34:25,26200
NYC,2023,WIWIEK TRISOECIANTY,4:35:52,26660
NYC,2023,ERNA LINCIEWATI,4:36:03,26720
NYC,2023,HARTONO HARIS,4:37:00,2750
NYC,2023,FEDLYANTO MANIK,4:38:19,27487
NYC,2023,CHRIS YUDHA,4:42:40,28991
NYC,2023,DAME MARGARET,4:43:00,2985
NYC,2023,IRMAYANTI SULTHAN,4:43:03,29101
NYC,2023,RUSLI GUNAWAN,4:43:17,29183
NYC,2023,PING YANTI,4:44:03,29446
NYC,2023,IKAWATI SULTHAN,4:46:04,30106
NYC,2023,ALI ALI,4:46:22,30208
NYC,2023,JIMMY TJAHJANTO,4:46:42,30312
NYC,2023,KURNIADI LIE,4:53:53,32726
NYC,2023,CUT MAURISSA,4:56:05,33459
NYC,2023,LISA HASAN,4:56:50,33720
NYC,2023,RIO WAHYUDIONO,4:57:00,33774
NYC,2023,JAMIL IHSAN,4:57:12,33829
NYC,2023,NURKAMA NASMIKO,4:58:05,34138
NYC,2023,TEUKU PRATAMA,5:07:10,36471
NYC,2023,ARIEF RACHMATTULLOH,5:10:38,37252
NYC,2023,FADLUN KASAU,5:10:39,37256
NYC,2023,STEPHANIE TJIA,5:13:05,37832
NYC,2023,EDISON MANALU,5:18:23,3941
NYC,2023,SOFIAN SOFIAN,5:18:56,39155
NYC,2023,CATHRINE PRAJITNO,5:19:51,39360
NYC,2023,PRETTY SOELAIMAN,5:20:53,39592
NYC,2023,ADE ECHIZENYA,5:22:59,4021
NYC,2023,JOHAN ANDIE,5:23:39,40179
NYC,2023,JOHAN WAWORUNTU,5:24:46,40405
NYC,2023,FERRY WIRIANTO,5:25:27,40524
NYC,2023,NURITA SITIO,5:26:30,40713
NYC,2023,RUBY KARYADI,5:27:29,40921
NYC,2023,NIRINA JANNAH,5:27:51,40989
NYC,2023,ERNEST SYARIF,5:27:51,40990
NYC,2023,KRISTIN HUSEN,5:29:40,41352
NYC,2023,ECEP MUSLIMIN,5:33:29,4236
NYC,2023,ANYANTI THESMAN,5:35:45,42431
NYC,2023,VANIA TARMEDHI,5:37:10,42696
NYC,2023,LEILA RAHMATILLAH,5:39:34,4383
NYC,2023,GISELLA ANASTASIA,5:40:13,43200
NYC,2023,CHAIDIR KOSIM,5:40:13,43201
NYC,2023,EKA SATRIA,5:42:57,43635
NYC,2023,CHARLIN PANGRIL,5:48:45,44468
NYC,2023,JOYCE KURNIAWAN,5:48:56,44499
NYC,2023,TAUFIK PANE,5:50:21,44698
NYC,2023,RAFAEL SUMALI,5:53:38,45122
NYC,2023,YULIANTI YULIANTI,5:55:27,45386
NYC,2023,IRA INDRIANI,6:04:06,46506
NYC,2023,NYAK ADRIANI,6:07:34,46832
NYC,2023,RAFFI AHMAD,6:12:08,47217
NYC,2023,MUFLI ANANDA,6:13:07,47288
NYC,2023,BAARY HATMADJA,6:13:08,47289
NYC,2023,SAFRIN TUA,6:17:43,47673
NYC,2023,FAIZIN KADNI,6:21:16,47924
NYC,2023,ANDRE PUTRA,6:25:16,48210
NYC,2023,FADIL ALJAIDI,6:26:25,48288
NYC,2023,ERI WIBOWO,6:27:58,48400
NYC,2023,AWANG ARINDA,6:32:23,48683
NYC,2023,SUSYANA JULIANA,6:38:21,4914
NYC,2023,AMIRA ANWAR,6:42:13,49209
NYC,2023,ADE RAHADINI,6:44:54,49341
NYC,2023,RUTHY OCTAVIA,6:46:43,49450
NYC,2023,ROSADI PUTRA,6:48:20,49523
NYC,2023,NANO ACHMAD,7:12:41,50353
NYC,2023,MURSOSAN WIGUNA,7:32:25,50742
NYC,2023,JULIANY NURDIN,7:33:37,50762
NYC,2024,DAVID POEYAMIDJAYA,2:56:37,1640
NYC,2024,GIGIH SAMUDERA,3:13:39,3958
NYC,2024,DONNY TJAHYADIKARTA,3:13:47,3982
NYC,2024,CHRISTIAN NJOO,3:17:21,4622
NYC,2024,TRIYANINGSIH KARMADI,3:22:23,5664
NYC,2024,ANGGANATA SEBASTIAN,3:27:27,6955
NYC,2024,GILBERT LIONG,3:27:47,742
NYC,2024,WYNNIE MARGATAN,3:28:08,7143
NYC,2024,EDDY WIDJAJA,3:31:33,8138
NYC,2024,MATTHEW MULIADI,3:34:39,8987
NYC,2024,HENGKIE KURNIAWAN,3:34:47,933
NYC,2024,DARMAWAN WARDHANA,3:35:22,9202
NYC,2024,EKA WIJAYA,3:42:49,11595
NYC,2024,WILLIAM ANWAR,3:44:09,1285
NYC,2024,HENDRI PARDEDE,3:44:41,12309
NYC,2024,EDOARDUS ARDIANTO,3:44:50,12378
NYC,2024,ICHSAN JUANDA,3:45:26,12590
NYC,2024,MUHAMMAD SYAHRUDIN,3:46:53,13109
NYC,2024,FERRY KANGSADJAJA,3:46:56,13121
NYC,2024,ARIEF PRADETYA,3:48:35,13788
NYC,2024,HENDRO WICAKSONO,3:49:55,14308
NYC,2024,MAYA MARIANY,3:50:03,14359
NYC,2024,RAFIQ SULISTYO,3:50:51,14690
NYC,2024,ELISA SEPTRIYANI,3:56:31,17191
NYC,2024,AMELIA TJANDRA,3:58:03,17945
NYC,2024,USMAN SALIM,3:58:41,18270
NYC,2024,AZSAR PRANANDA,3:59:59,18937
NYC,2024,YUDI NUGRAHA,4:01:22,19500
NYC,2024,ANDY LORDIANTO,4:03:11,20117
NYC,2024,MICHELLE SHANG,4:04:31,20609
NYC,2024,GRIFFIN VALENTINUS,4:04:31,20611
NYC,2024,JEANILO SARTONO,4:06:00,21124
NYC,2024,DICKY SIDIQ,4:06:16,21219
NYC,2024,SILVANO RUMANTIR,4:07:39,21718
NYC,2024,JEFFREY WIDJASMARA,4:07:48,21773
NYC,2024,DEVI ANSYAH,4:09:55,22523
NYC,2024,FEBRIASTUTY BUNDA,4:09:59,22553
NYC,2024,ANDRE WIDJAJANTO,4:10:58,22895
NYC,2024,NUGROHO BRAMANTYO,4:13:49,23952
NYC,2024,SLAMET RIYADI,4:14:21,24154
NYC,2024,BARRY BARRY,4:14:25,24191
NYC,2024,MUHAMAD AKBAR,4:16:54,25155
NYC,2024,VICTOR SIRAIT,4:17:05,25230
NYC,2024,RAHMAT MULYANA,4:17:12,25276
NYC,2024,LENNY LINENG,4:18:00,25577
NYC,2024,TITO HIDAYATULLAH,4:22:02,27154
NYC,2024,WANTI SYAIFULLAH,4:23:10,27587
NYC,2024,IRNAN ACHDA,4:23:16,27632
NYC,2024,JOHN JAUW,4:23:59,27913
NYC,2024,ANDI ALISJAHBANA,4:25:10,28350
NYC,2024,CARMELITA MIRANDA,4:26:11,28716
NYC,2024,HAN VE,4:26:12,28730
NYC,2024,FADCHI AMIZADE,4:27:23,29220
NYC,2024,EVALINA MELIALA,4:27:23,29222
NYC,2024,MOHAMMAD URFIANTO,4:27:59,29446
NYC,2024,ALEXANDER KURNIAWAN,4:29:21,3015
NYC,2024,ANDREANI RUSTANDI,4:30:43,30529
NYC,2024,IRWIN HARPIN,4:31:13,30693
NYC,2024,ADRYANSYAH CHANIAGO,4:31:56,30940
NYC,2024,HANANI FISAFARANI,4:32:21,31102
NYC,2024,ELVA SEPTIRULIANA,4:32:43,31245
NYC,2024,SITI MASITOH,4:33:39,31553
NYC,2024,TRI SUSILOWATI,4:36:06,32425
NYC,2024,WAHIDATUL BAKHRI,4:36:12,32480
NYC,2024,SYENNI LEIMENA,4:36:30,32573
NYC,2024,RUSLY ASKAR,4:36:31,32578
NYC,2024,FRANSISCO FRANSISCO,4:37:52,3357
NYC,2024,NADDYRA ALFRIDANTO,4:41:33,34311
NYC,2024,NOVAN KADARUSMAN,4:43:20,34895
NYC,2024,RYARDNA ADREANSYAH,4:43:49,3567
NYC,2024,NOBER PALEBANGAN,4:44:25,35299
NYC,2024,ZAENURI ISHAK,4:45:00,35503
NYC,2024,WAHYU ADININGTYAS,4:46:21,35995
NYC,2024,LIDIA SOEGIMAN,4:47:07,36274
NYC,2024,ISWAN MUSLIMIN,4:47:18,36334
NYC,2024,ABDUL RAMLI,4:48:43,36797
NYC,2024,RIDHANIA HUTAGALUNG,4:50:27,37366
NYC,2024,EDWIN SUKRI,4:51:17,37634
NYC,2024,SITI SUPRIANTI,4:52:09,37899
NYC,2024,ERRYN NANIKO,4:53:57,38465
NYC,2024,NATASHA AMANDA,4:54:05,38495
NYC,2024,CITRA TUNGGA,4:55:01,38782
NYC,2024,MARIANNE RUMANTIR,4:55:13,38839
NYC,2024,ADI DARMAPUTRA,4:55:48,3910
NYC,2024,ARIEF RACHMATTULLOH,4:55:48,3912
NYC,2024,MIRA NURAHMIDAH,4:56:57,39399
NYC,2024,JANIS GUNAWAN,4:59:43,40201
NYC,2024,PENI UTAMI,5:02:04,40864
NYC,2024,DEDI WIRADINATA,5:02:28,40968
NYC,2024,CECELIA SIBY,5:03:34,41234
NYC,2024,JENNI INDRIANI,5:04:04,41348
NYC,2024,ATTA WANGGAI,5:04:10,41372
NYC,2024,JULLI INDRIATI,5:04:15,41392
NYC,2024,INDAH JUNITA,5:04:15,41398
NYC,2024,NOVIATI NG,5:04:16,41402
NYC,2024,TERRY PRAYOGA,5:04:17,41403
NYC,2024,TEDDY DANAS,5:04:24,41430
NYC,2024,MARINA SALIM,5:05:34,41680
NYC,2024,HAROLD SIRAIT,5:09:16,42556
NYC,2024,PAHALA NUGRAHA,5:09:19,42563
NYC,2024,DENISE TJOKROSAPUTRO,5:11:01,42974
NYC,2024,RYNI RAHMAWATI,5:12:06,43193
NYC,2024,EMILIO WOENARDI,5:12:47,43342
NYC,2024,MULYADI TJUNG,5:12:48,43343
NYC,2024,SAHILA HISYAM,5:13:36,43528
NYC,2024,NADIA NASOETION,5:13:38,43539
NYC,2024,SHIRLEY SHINTA,5:14:02,43638
NYC,2024,JOSE SATRIA,5:14:42,43794
NYC,2024,SARAH RUSWANDARI,5:15:42,43981
NYC,2024,INDRA RIZAL,5:19:10,44699
NYC,2024,FENNY JULIANTINI,5:20:24,44950
NYC,2024,ALINAPIAH NURSAM,5:21:15,45109
NYC,2024,YENNI DJAJALAKSANA,5:22:06,45260
NYC,2024,ABADI TISNADISASTRA,5:22:08,45267
NYC,2024,OZAL UDAYA,5:22:09,45273
NYC,2024,AGUNG ANDRIAN,5:22:14,45290
NYC,2024,CHRISTIANA CHRISTIANA,5:22:14,45291
NYC,2024,DENITA UTAMI,5:22:44,45388
NYC,2024,SUYOTO SUYOTO,5:23:47,45587
NYC,2024,ANDY GUSENA,5:24:02,45627
NYC,2024,KARTIKA WOHON,5:25:22,45922
NYC,2024,YULIE SANDJOJO,5:25:22,45923
NYC,2024,BENNY BERNARTO,5:26:05,4649
NYC,2024,GITA DIMARSANDY,5:27:19,46254
NYC,2024,SISMA SUADI,5:31:35,46976
NYC,2024,GENDIS HATMANTI,5:31:58,4738
NYC,2024,YUSRON FAUZAN,5:34:37,47437
NYC,2024,EDWARD BARIMBING,5:34:40,47448
NYC,2024,HIDAYAH KARAMOY,5:35:29,47584
NYC,2024,CUT SANDRIA,5:36:23,47740
NYC,2024,ESTIRA TIYASSIH,5:40:17,48307
NYC,2024,SURJANTO KARDIMAN,5:40:39,48357
NYC,2024,EKO YULIANTO,5:41:45,48502
NYC,2024,CLAUDIA JOHAN,5:42:32,48615
NYC,2024,TEDDY LEGI,5:42:53,48677
NYC,2024,IMLATI IMLATI,5:44:55,48948
NYC,2024,MUCHAMMAD MARDHI,5:46:06,49109
NYC,2024,NURNI MANDAWI,5:49:53,49607
NYC,2024,CHYNTIA FELISIANE,5:50:36,49709
NYC,2024,RUDI HENDRAWAN,5:54:38,50156
NYC,2024,GEMPUR WIDANSYAH,5:54:48,50180
NYC,2024,RIANA LASTARI,5:54:48,50182
NYC,2024,CISYELYA BUNYAMIN,5:55:55,50324
NYC,2024,IRA KARTIKA,5:58:34,50601
NYC,2024,RIRIS SIREGAR,6:02:22,5127
NYC,2024,RIZTA FALAK,6:03:59,51174
NYC,2024,HARYANTO HARYANTO,6:07:49,51469
NYC,2024,TITTO DEVIANTO,6:10:08,51612
NYC,2024,BARYADI WIJAYA,6:11:24,51701
NYC,2024,YULIANA TAMBUNAN,6:11:36,51711
NYC,2024,MATAHARI HERWIN,6:12:06,51751
NYC,2024,REGINA SIREGAR,6:13:00,51841
NYC,2024,DODDY PRATAMA,6:13:40,51883
NYC,2024,ARRESTO ARIO,6:15:11,51998
NYC,2024,BUDIMAN SUSANTO,6:17:01,52119
NYC,2024,YOKE PRABANDARI,6:18:18,52196
NYC,2024,ASWIN HADITANOJO,6:19:19,52273
NYC,2024,RUBINO SUGANA,6:19:37,52289
NYC,2024,ALVIN WIJAYA,6:20:44,52369
NYC,2024,A. HADI,6:20:51,52380
NYC,2024,SENDHI JANUARLIN,6:20:52,52382
NYC,2024,ELLEN FITRIE,6:21:47,52436
NYC,2024,SUSANTI SRIGANTINI,6:26:06,52755
NYC,2024,ANDINA ANGGRAINI,6:29:07,52929
NYC,2024,SULISTYANI LESMANA,6:30:19,52986
NYC,2024,DWI WARDHANI,6:31:48,5360
NYC,2024,MILDA MICHELLY,6:32:57,53125
NYC,2024,DWI LILYANA,6:34:16,53195
NYC,2024,ALMA PUTRI,6:39:07,53437
NYC,2024,ROMIDA HUTAPEA,6:42:24,53587
NYC,2024,DINAR RALIA,6:43:39,53636
NYC,2024,JANET LIM,6:46:04,53720
NYC,2024,YENNY KURNIAWAN,6:46:34,53742
NYC,2024,NADIAN SARI,6:54:06,5430
NYC,2024,NOVIANNA CAROLINTINA,6:56:02,54111
NYC,2024,NINI WIDJAJA,6:58:57,54214
NYC,2024,WINDA FIBRITA,7:21:39,54775
NYC,2024,FERDIANA SUNARDI,7:24:51,54837
NYC,2024,ANNISA FAJRIN,7:52:24,55146
NYC,2024,MICHELLE KURNIAWAN,8:08:48,55271
Berlin,2015,RAOUL ABAS,4:57:22,24968
Berlin,2015,RAHMAN ABDUL,4:37:47,22597
Berlin,2015,GIBRAN ABIDIN,5:13:56,26124
Berlin,2015,MOHAMAD ADHITIA,3:57:39,14507
Berlin,2015,KRIS ADIDARMA,4:46:42,23780
Berlin,2015,EKOPUTRO ADIDJAJANTO,5:59:05,27592
Berlin,2015,RAOUL W.,5:49:04,27397
Berlin,2015,IMAN ADIWIBOWO,6:02:27,27621
Berlin,2015,DANI ADRIANANTA,6:19:10,27762
Berlin,2015,VIVIN ALVINA,6:43:59,8904
Berlin,2015,MEDINA AMALIA,5:02:51,7237
Berlin,2015,IU ANG,4:22:14,20026
Berlin,2015,EDDY ANGKAWIBAWA,4:56:07,24828
Berlin,2015,RADHITYO DEWANTORO,3:57:40,14516
Berlin,2015,HERNANDO BASUKI,5:06:49,25680
Berlin,2015,SUBIJANTO BENJAMIN,4:57:47,25018
Berlin,2015,ALEXANDER ME,4:48:53,24030
Berlin,2015,ESTI BOWO,5:40:29,8416
Berlin,2015,HUMAR BOWO,4:14:59,18636
Berlin,2015,NAMIRA BOWO,6:02:27,8703
Berlin,2015,BAGUS BUDIANTO,4:26:06,20777
Berlin,2015,JAYATRI CORTINE,4:49:33,6467
Berlin,2015,PENI DEWAYANI,6:09:15,8766
Berlin,2015,ANDARU DJAJA,4:55:08,24724
Berlin,2015,BONA DJALINS,5:16:55,26285
Berlin,2015,ANTHONEUS DJATI,4:55:06,24721
Berlin,2015,ADLAN DJOHAN,5:21:28,26501
Berlin,2015,RITA DRACHMANN,5:43:04,8465
Berlin,2015,SURYO ENDROPRIYANTO,5:39:09,27149
Berlin,2015,NURLENI FEBRIANA,5:56:54,8657
Berlin,2015,YOLANDA SEPTIANI,5:35:50,8333
Berlin,2015,KIKY FITRIYANTI,6:05:37,8731
Berlin,2015,DANAN FOSSARUS,6:07:54,27676
Berlin,2015,SELVIA GOFAR,6:09:45,8772
Berlin,2015,EDWIN HALIM,4:52:03,24393
Berlin,2015,CATUR SOEMADI,5:50:06,8576
Berlin,2015,ZULKIFLI HARAHAP,5:06:22,25654
Berlin,2015,FENNY HARMON,5:04:16,7286
Berlin,2015,HANDI HARTANTO,5:46:28,27332
Berlin,2015,ANDRY HARYANTO,4:18:47,19383
Berlin,2015,TEDJO HATMADI,6:12:32,27721
Berlin,2015,FERDI HENDARMAN,4:27:34,21046
Berlin,2015,HENDRIK HENDRIK,4:17:57,19210
Berlin,2015,EVI HERAWATI,5:10:55,7575
Berlin,2015,HARMADA HUTAJULU,5:30:37,26873
Berlin,2015,RIEFA ISTAMAR,4:56:20,24859
Berlin,2015,YOLI JOENIS,5:05:18,7325
Berlin,2015,JIMMY KOSASIH,5:15:04,26184
Berlin,2015,TOMMY KURNIAWAN,5:39:47,27161
Berlin,2015,AYUNINGRUM KUSDARINI,4:44:35,6134
Berlin,2015,HARRYJANTO LASMANA,5:23:28,26600
Berlin,2015,LULITA LIOE,6:50:37,8908
Berlin,2015,DIDIT MANAF,4:55:28,24766
Berlin,2015,ARIA MANDALA,5:45:51,27316
Berlin,2015,ADE MASNAHUMINA,5:55:30,8643
Berlin,2015,MUHAMMAD MULYONO,6:24:07,27785
Berlin,2015,PRASTI PUTRI,5:57:00,8660
Berlin,2015,NOVANDRIAN NOVANDRIAN,6:26:59,27802
Berlin,2015,YAN PARTAWIJAYA,4:51:59,24384
Berlin,2015,DANIEL PARULIAN,5:40:44,27180
Berlin,2015,BIMO POERBO,5:12:11,26028
Berlin,2015,RIZAL PRASETIJO,5:34:43,27017
Berlin,2015,DONNA PRIADI,5:48:59,8559
Berlin,2015,YOVIE PRIADI,5:48:59,27394
Berlin,2015,AUDREY PURWANA,4:47:07,6300
Berlin,2015,MARCHELLA PURWANAIKA,4:57:17,6950
Berlin,2015,SAID PUTRA,5:52:54,27482
Berlin,2015,WIRA RAHADI,4:48:42,24011
Berlin,2015,SYAHRUL RAMADHAN,4:49:08,24065
Berlin,2015,SAMSUL RIZAL,5:56:28,27546
Berlin,2015,AFIF RUSMAN,4:42:05,23179
Berlin,2015,RENITTA RUSMAN,5:25:25,8069
Berlin,2015,SYAFRIANDI SALEH,4:57:06,24945
Berlin,2015,IRWAN SALIM,3:49:29,12027
Berlin,2015,BOBBY SAPUTRA,6:07:57,27677
Berlin,2015,WIDO SARDJONO,5:09:43,25854
Berlin,2015,NENDEN SARIDEWI,4:55:06,6821
Berlin,2015,MILI SARWITRI,5:33:22,8267
Berlin,2015,JOSE SATRIA,4:59:17,25168
Berlin,2015,WENNI SETIORINI,6:29:44,8881
Berlin,2015,DIMAS SETOWARDHANA,5:24:05,26625
Berlin,2015,RUBISMO SOEDIONO,5:13:22,26091
Berlin,2015,HOLIP SOEKAWAN,5:10:51,25936
Berlin,2015,INNE SOEMARTONO,5:21:44,7956
Berlin,2015,ARIESTA SOEPARDI,5:19:22,7892
Berlin,2015,ERIK SUBARNA,4:33:35,21996
Berlin,2015,UTAMI SUGIANTO,5:09:04,7492
Berlin,2015,MOHAMMAD SUMAYKU,5:43:37,27243
Berlin,2015,MICHAEL SUPIT,5:28:27,26792
Berlin,2015,HELEN SUSANTO,4:39:37,5767
Berlin,2015,LAUZA SUTOWO,5:24:39,26648
Berlin,2015,JUCHIRO TAMPI,3:51:51,12690
Berlin,2015,LINDA TAN,4:16:00,3849
Berlin,2015,NATALIA TANYADJI,4:57:36,6968
Berlin,2015,MARGARETH THEODORA,5:53:08,8618
Berlin,2015,IRENE THESMAN,5:16:26,7793
Berlin,2015,ALFO TJAHAJA,5:46:35,27335
Berlin,2015,BUI TJHIN,3:20:31,4624
Berlin,2015,EWIFIEWANTY TJHIN,5:14:17,7696
Berlin,2015,NUGO TRINUGRAHA,6:30:56,27819
Berlin,2015,STEPHANUS TURANGAN,5:03:07,25434
Berlin,2015,SUTA UTAMA,4:09:19,17417
Berlin,2015,BERNARDUS WANANDI,4:39:51,22909
Berlin,2015,DAVID WIDIANTO,6:28:52,27810
Berlin,2015,DICKIE WIDJAJA,5:28:26,26791
Berlin,2015,ANDY WIDJANARKO,4:26:21,20818
Berlin,2015,MOCHAMMAD WINGKY,5:46:44,27345
Berlin,2015,MARTIN WINOTO,4:58:23,25078
Berlin,2015,ARIA WIRATMA,6:00:19,27606
Berlin,2015,IVO WONGKAREN,5:23:12,26581
Berlin,2015,LELA YULIANTIKA,5:39:47,8401
Berlin,2015,MUHAMMAD YUSRIZKI,5:20:39,26457
Berlin,2015,BUDI ZAIN,3:55:32,13787
Berlin,2016,WIDIANAWATI ADHININGRAT,6:15:24,9074
Berlin,2016,MAULANA SUTOWO,4:20:29,17826
Berlin,2016,JOHANES ADINATA,4:07:45,15175
Berlin,2016,KRISTOMUS ADISURYA,5:31:53,25474
Berlin,2016,IMAN ADIWIBOWO,3:43:58,8987
Berlin,2016,SULASTI AHMAD,5:38:08,8418
Berlin,2016,SVIDA ALISJAHBANA,6:33:33,9190
Berlin,2016,OKKY ANDRIAN,5:39:05,25735
Berlin,2016,RINI ANINDITA,6:29:24,9176
Berlin,2016,DIDIT ARDYANTO,6:31:30,26704
Berlin,2016,ANANDA ARYAGUNA,4:18:08,17359
Berlin,2016,PRANA ASMARA,5:36:32,25645
Berlin,2016,DJAMAL ATTAMIMI,6:25:10,26673
Berlin,2016,SATRIA BAYUAJI,6:32:03,26706
Berlin,2016,BENNY BERNARTO,6:14:59,26589
Berlin,2016,NISHA BHAMBHANI,5:14:34,7698
Berlin,2016,DYAH BOWO,5:53:34,8758
Berlin,2016,ESTI BOWO,6:23:32,9134
Berlin,2016,IRMAN BOYLE,6:20:54,26639
Berlin,2016,FEBRIASTUTY BUNDA,5:07:53,7385
Berlin,2016,ADRYANSYAH CHANIAGO,4:03:15,14274
Berlin,2016,HOTDORIA CHATARINA,6:03:57,8947
Berlin,2016,ALEXANDER CUMENTAS,5:33:14,25524
Berlin,2016,SHINTA DEWANTI,6:39:56,9207
Berlin,2016,HANDAYANI DEWI,5:49:21,8679
Berlin,2016,DIANA EKAWATI,5:31:06,8233
Berlin,2016,RIZTA FALAK,6:02:38,8930
Berlin,2016,JASHINTA FELYCIA,6:08:18,9005
Berlin,2016,DENNY FIKRI,5:33:02,25518
Berlin,2016,DANAN FOSSARUS,5:42:10,25851
Berlin,2016,MARIA CHANDRA,4:58:41,6905
Berlin,2016,N. GAUTAMA,7:08:40,26769
Berlin,2016,MUHAMMAD GHAZI,5:00:16,23524
Berlin,2016,MOHAMAD GIRINDRA,5:50:14,26078
Berlin,2016,MANISSA GUNADI,5:10:34,7525
Berlin,2016,AGUS GUNAWAN,5:53:47,26195
Berlin,2016,RACHMAT GUNAWAN,5:42:04,25843
Berlin,2016,SANTIH GUNAWAN,5:20:06,7876
Berlin,2016,ELSIE HAKIM,5:42:03,8520
Berlin,2016,GADIZA HARTAWAN,5:26:52,8096
Berlin,2016,NOVAN HENDIAN,5:53:53,26197
Berlin,2016,FREDDY HENDRADJAJA,5:12:52,24422
Berlin,2016,MARIA HENDRIKA,5:42:39,8539
Berlin,2016,ADYSTRA HERAYANTO,3:49:21,10333
Berlin,2016,ANDHIKA HERMANTO,5:52:05,26146
Berlin,2016,SRI HIDAYATI,5:01:39,7070
Berlin,2016,MATIAS IBO,4:16:38,17046
Berlin,2016,MATIAS IBO,4:16:38,17044
Berlin,2016,DINI INDRA,5:57:16,8835
Berlin,2016,MOCHAMMAD IRIAWAN,4:31:00,19758
Berlin,2016,JASTIN ISKANDAR,6:10:47,26533
Berlin,2016,YOLA ISTIANTY,5:30:52,8225
Berlin,2016,YOLI JOENIS,4:46:07,6057
Berlin,2016,FAIZIN KADNI,5:13:36,24475
Berlin,2016,LINDA KANDOUW,5:01:03,7045
Berlin,2016,FERRY KANGSADJAJA,4:04:18,14482
Berlin,2016,RAHMI KEMALAWATI,5:58:45,8864
Berlin,2016,ANITA KHOE,5:33:20,8294
Berlin,2016,CHRISTINA KUMALA,4:47:14,6139
Berlin,2016,BASUKI KURNIAWAN,6:17:28,26610
Berlin,2016,WILLIAM KURNIAWAN,6:03:40,26423
Berlin,2016,LANNY LEIMAN,4:43:17,5820
Berlin,2016,DOLLY LESMANA,4:46:44,21939
Berlin,2016,FLORENCE LESMANA,5:32:24,8263
Berlin,2016,RINA TAMBUNAN,4:44:12,5902
Berlin,2016,DWI LILYANA,5:52:53,8745
Berlin,2016,HENRY LUCMAN,4:57:04,23197
Berlin,2016,ENI LUFATMI,5:10:38,7529
Berlin,2016,MAHATUR MAFELA,6:20:47,9115
Berlin,2016,RATNA MARAMIS,6:34:13,9192
Berlin,2016,MARIONO MARIONO,4:40:49,21160
Berlin,2016,RENI MARLINA,5:01:37,7069
Berlin,2016,ANDI MAULANA,5:48:21,26034
Berlin,2016,RIANA MONTISANO,4:57:26,6816
Berlin,2016,BARAYANI MUSKITA,5:25:03,25114
Berlin,2016,NADIA NASOETION,6:26:07,9152
Berlin,2016,JERRY NG,5:17:07,24665
Berlin,2016,PAHALA NUGRAHA,5:26:32,25199
Berlin,2016,NURJADIN NURHADIJONO,6:26:18,26679
Berlin,2016,MEDIAS OKTAVIANI,6:16:53,9088
Berlin,2016,ADWIYA PASCAHAJA,6:47:12,26756
Berlin,2016,HARYADI PERMANA,5:04:54,23868
Berlin,2016,WILIANTO POALER,5:19:44,24813
Berlin,2016,BIMO POERBO,5:03:43,23769
Berlin,2016,THOMAS PRABOWO,5:29:03,25340
Berlin,2016,ADE PUTRI,4:21:41,4106
Berlin,2016,RISNANTY PUTRI,6:27:26,9162
Berlin,2016,HENRY RAHARDJA,4:59:04,23413
Berlin,2016,MUHAMAD RAKSITRIANAWAN,6:23:45,26665
Berlin,2016,MICZARD RIUPASSA,5:26:59,25223
Berlin,2016,ADI RIYADI,6:30:45,26697
Berlin,2016,IBNU RIZAL,5:37:17,25672
Berlin,2016,IRVAN RUSTAM,5:47:34,26016
Berlin,2016,TAN RUSTAN,3:35:38,7039
Berlin,2016,ALIF RUZUAR,4:43:00,21441
Berlin,2016,MARIA CHRISTINA,6:24:06,9142
Berlin,2016,MUHAMMAD SAAR,6:10:05,26524
Berlin,2016,GUNAWAN SAMIADJI,5:58:58,26336
Berlin,2016,PUTRO SAPTO,6:02:00,26388
Berlin,2016,BOBBY SAPUTRA,5:54:38,26217
Berlin,2016,ANDRI SARI,5:50:28,8703
Berlin,2016,PUGUH SARWONO,5:34:52,25587
Berlin,2016,DIDIEN SOFWAN,5:43:19,25887
Berlin,2016,IRMA SETYOWATI,6:20:59,9116
Berlin,2016,AKHMAD SHIDIQ,6:34:22,26720
Berlin,2016,SHIRLEY SHINTA,6:28:31,9171
Berlin,2016,INDAH SIBIH,5:02:16,7109
Berlin,2016,ELIZABETH SILALAHI,5:08:25,7415
Berlin,2016,M. SINDHIKARA,5:42:33,8536
Berlin,2016,OKI SIREGAR,4:06:54,15008
Berlin,2016,YOSEPH SISWANTO,6:18:27,26617
Berlin,2016,DWIARTHYANTINI SITI,4:57:33,6819
Berlin,2016,ONIARI SITOMPUL,5:29:27,8182
Berlin,2016,SUDJONO SUDJONO,4:38:31,20854
Berlin,2016,SUFERDIAN SUFERDIAN,5:58:35,26326
Berlin,2016,LEO SUGANDI,5:28:19,25299
Berlin,2016,DIKDIK SUGIHARTO,4:20:05,17743
Berlin,2016,MOHAMAD SUGIRIN,5:40:16,25781
Berlin,2016,TIMUR SUKIRNO,6:18:59,26622
Berlin,2016,ADISATRYA SULISTO,4:47:22,22021
Berlin,2016,LILIS SUNDARI,6:15:44,9079
Berlin,2016,MICHAEL SUPIT,5:34:51,25586
Berlin,2016,SULISTIAWATI SUPRAPTO,4:30:06,4818
Berlin,2016,WENDRO SUSANTO,5:42:01,25841
Berlin,2016,HIMAWAN SUTANTO,5:02:41,23697
Berlin,2016,TRI SWASTONO,6:08:43,26501
Berlin,2016,DIANA TAJUDDIN,5:38:08,8417
Berlin,2016,RIZAL TANDIAWAN,4:39:01,20922
Berlin,2016,SUCHANDRA TANJUNG,5:32:05,25483
Berlin,2016,ESTIRA TIYASSIH,6:26:07,9151
Berlin,2016,DONNY TJAHYADIKARTA,3:45:55,9484
Berlin,2016,JIMMY TJIAWI,4:01:18,13855
Berlin,2016,SARI TRAYSUNI,6:02:27,8925
Berlin,2016,ROBERT TUMIWA,5:23:02,25002
Berlin,2016,ABDI UTAMA,5:57:24,26294
Berlin,2016,BUDI UTAMA,5:30:07,25402
Berlin,2016,PAULUS WANANDI,3:26:14,4977
Berlin,2016,JOHANNES WARDHANA,4:50:03,22340
Berlin,2016,ARYO WIDIWARDHONO,4:51:52,22561
Berlin,2016,DICKIE WIDJAJA,6:08:20,26496
Berlin,2016,LILLIAN WIGUNA,6:47:41,9219
Berlin,2017,NURKHALISHAH ABDULRAHIM,5:53:11,10559
Berlin,2017,NUR ABDURACHMAN,7:03:13,11071
Berlin,2017,GIBRAN ABIDIN,5:22:17,26498
Berlin,2017,FAUZUL ABRAR,5:51:38,27553
Berlin,2017,SUZIE ADHITAMA,5:18:28,9406
Berlin,2017,DIAZ ADIPERWIRA,3:45:07,10055
Berlin,2017,RASYID ADISANTOSO,5:51:15,27543
Berlin,2017,IMAN ADIWIBOWO,4:02:16,15107
Berlin,2017,TAMIN AGUS,4:56:33,24552
Berlin,2017,ASFIANTI AHMAD,6:59:42,11070
Berlin,2017,CHAIDIR AKBAR,3:11:21,2900
Berlin,2017,FUAD ALHADI,4:23:10,19596
Berlin,2017,FLORENTIA AMBARUKMI,6:37:31,11029
Berlin,2017,KARINA AMBYO,5:51:16,10509
Berlin,2017,AHMAD AMIRUDDIN,5:49:55,27507
Berlin,2017,LINA AMRAN,6:24:43,10963
Berlin,2017,DINA ANDINI,6:48:29,11054
Berlin,2017,FRISTY ANDISUWA,4:43:37,7048
Berlin,2017,DWI ANGGRAINI,5:51:04,10504
Berlin,2017,AMERA APRISANTI,6:21:27,10938
Berlin,2017,EDOARDUS ARDIANTO,4:55:44,24457
Berlin,2017,NURUL ARIFATI,6:21:58,10943
Berlin,2017,RAMON ARMANDO,4:57:53,24706
Berlin,2017,RIADI ARSANDI,4:05:06,15725
Berlin,2017,WIDODO ASIEK,6:47:42,28132
Berlin,2017,AVIANTO AVIANTO,6:23:06,28032
Berlin,2017,SUSAN BACHTIAR,5:23:29,9603
Berlin,2017,FEMMY BAHROEN,6:19:10,10928
Berlin,2017,MAHA BASUKI,6:40:14,11034
Berlin,2017,YUSTINUS BAYUAJI,5:58:25,27719
Berlin,2017,NISHA BHAMBHANI,4:56:21,8127
Berlin,2017,ESTI BOWO,6:41:38,11042
Berlin,2017,NAMIRA BOWO,5:48:54,10463
Berlin,2017,ERI BUDIONO,5:48:56,27478
Berlin,2017,PANJI BUDIONO,6:04:11,27812
Berlin,2017,ADRIAN CAHYADI,4:58:11,24759
Berlin,2017,ROY LIE,3:59:07,14183
Berlin,2017,ROSDIYANI CANDRAWATI,5:00:32,8439
Berlin,2017,ANDI CHAIRUMIN,4:58:25,24782
Berlin,2017,MARIA CHANDRA,4:48:48,7506
Berlin,2017,MARLENE CHANDRA,4:27:37,5547
Berlin,2017,RIYANTO CHANDRA,5:44:29,27386
Berlin,2017,ARIFIN CHOIRUL,4:08:00,16349
Berlin,2017,ANTHONY CHUI,3:18:08,3895
Berlin,2017,WIDIK CIPTHADI,5:56:09,27679
Berlin,2017,ANASTASIA CYNTHIA,5:05:02,8726
Berlin,2017,DAISY DAISY,5:00:51,8465
Berlin,2017,DEWI DAMAYANTI,5:51:45,10519
Berlin,2017,WILLIAM DARMAWAN,4:38:15,22196
Berlin,2017,GREGORIUS DERMAWAN,4:46:37,23333
Berlin,2017,ANAK DEWI,6:21:16,10936
Berlin,2017,CHANDRAWATI DEWI,6:36:28,11023
Berlin,2017,JANE DJUARAHADI,4:28:50,5682
Berlin,2017,AKHMAD DWIPUTRA,6:12:17,27937
Berlin,2017,SANTHI ELIZABETH,4:53:24,7876
Berlin,2017,ESMERALDA EMIRA,5:48:14,10444
Berlin,2017,ERNAWATI ERNAWATI,4:44:36,7120
Berlin,2017,MARIO ERNESTO,5:11:19,25818
Berlin,2017,EFFIE ERWANTI,6:17:16,10911
Berlin,2017,WANDA EVANS,5:53:40,10570
Berlin,2017,MARSAULINA HERAWATY,5:26:38,9739
Berlin,2017,DARWIS FADHLI,5:48:36,27470
Berlin,2017,JOHAN SIE,4:25:41,20054
Berlin,2017,CARLA FELANY,3:56:21,2373
Berlin,2017,FIRZANI FIRZANI,5:05:46,25440
Berlin,2017,NOVITA FITRI,6:19:30,10929
Berlin,2017,FITRIANI FITRIANI,4:54:11,7948
Berlin,2017,HOSEA GAN,5:23:30,26554
Berlin,2017,AMELIA GANESHANTY,5:19:41,9453
Berlin,2017,MIKUNI GANI,4:29:28,5760
Berlin,2017,SIAUW GO,4:45:52,23241
Berlin,2017,ADRIAN GUNADI,5:03:30,25236
Berlin,2017,INE GUNAWAN,6:10:01,10855
Berlin,2017,ANDI KARTAWIDJAJA,5:47:02,27432
Berlin,2017,DENNY GURNADI,4:46:41,23343
Berlin,2017,BENNY HADISURJO,4:13:21,17592
Berlin,2017,ASWIN HADITANOJO,5:38:17,27196
Berlin,2017,GUNAWAN HADIWIDJAJA,3:49:50,11243
Berlin,2017,STEPHANUS HADIWONO,4:57:40,24684
Berlin,2017,BUDI HALIM,4:59:36,24904
Berlin,2017,MUKARRAMA HAMDI,6:12:19,10877
Berlin,2017,PRAMITA HARIJANTO,5:55:32,10618
Berlin,2017,SUDI HARSONO,4:06:00,15890
Berlin,2017,HENRY HENRY,5:24:39,26616
Berlin,2017,EDWIN HERMANA,5:47:09,27440
Berlin,2017,SUNGKAR HOUTAMA,5:24:47,26619
Berlin,2017,CHOIRUL HUDA,5:49:21,27487
Berlin,2017,TJIA HUMPREY,5:27:07,26733
Berlin,2017,NOVITA HUTABARAT,6:18:47,10925
Berlin,2017,BINTANG HUTAGALUNG,6:03:55,10770
Berlin,2017,AULIA IBRAHIM,4:11:48,17222
Berlin,2017,FADLUL IMANSYAH,6:38:45,28107
Berlin,2017,ACHDIAN PRAWIRA,6:11:50,27925
Berlin,2017,EKA INDRAJAYA,4:21:11,19177
Berlin,2017,ELIANA IPUNG,5:13:44,9195
Berlin,2017,CHRISTIN ISKANDAR,5:36:46,10110
Berlin,2017,BENY JAFAR,6:55:53,28142
Berlin,2017,IBNU JAMIL,5:58:37,27724
Berlin,2017,IRDIJAN JANUAR,6:26:52,28057
Berlin,2017,CHARLIE JAPADERMAWAN,4:58:27,24791
Berlin,2017,RENATO JOESAKI,5:23:15,26543
Berlin,2017,NAUVALL JULIANSYAH,4:20:16,19005
Berlin,2017,JUSWANDI JUSWANDI,6:06:48,27858
Berlin,2017,NIDYA KALANGIE,5:59:53,10695
Berlin,2017,KANG KANGARAN,4:55:30,24435
Berlin,2017,SAMUEL KARIONO,6:22:13,28027
Berlin,2017,MERIAM KATOMBO,5:47:48,10430
Berlin,2017,DANIEL KOHAR,3:46:04,10275
Berlin,2017,SOEHENDRO KOSASIH,3:48:29,10885
Berlin,2017,CHRISTILLA KRISNA,5:43:03,10302
Berlin,2017,ALEXANDER KURNIAWAN,4:58:02,24735
Berlin,2017,ERINA KUSHANDAYANI,5:38:53,10184
Berlin,2017,DIDI LAKSANA,6:06:48,27859
Berlin,2017,YASMIN LATIEF,5:44:52,10354
Berlin,2017,INTAN LEILASARI,5:31:42,9924
Berlin,2017,HENNY LEONARDI,5:09:14,8949
Berlin,2017,HERWIN LIE,4:18:26,18621
Berlin,2017,DWI LILYANA,6:24:05,10959
Berlin,2017,HELEN LUCIANA,4:08:24,3565
Berlin,2017,KONNY LUMENTUT,4:20:54,4809
Berlin,2017,IRVAN MACHMUD,5:05:39,25431
Berlin,2017,MADANDAS MADANDAS,4:31:27,5954
Berlin,2017,LEKA MADIADIPOERA,4:50:28,7656
Berlin,2017,ACHNESIA MANGANANG,5:55:11,10610
Berlin,2017,ROBERTO MANGUNSONG,4:55:59,24480
Berlin,2017,HANNY MANTHOVANY,5:52:11,10534
Berlin,2017,BERTHA MANTOWATY,5:30:16,9868
Berlin,2017,RONAL MANURUNG,4:39:42,22419
Berlin,2017,MILA USMAN,4:47:40,7410
Berlin,2017,MARTIN MARTIN,4:16:27,18202
Berlin,2017,MULYA MASHUDI,4:48:22,23537
Berlin,2017,REINER MATURBONGS,5:54:17,27625
Berlin,2017,RIANA MONTISANO,5:04:01,8666
Berlin,2017,IQRA MPUE,4:15:56,18111
Berlin,2017,DENNI MUHARAM,4:21:13,19191
Berlin,2017,MULYADI MULYADI,5:03:05,25216
Berlin,2017,ODEKTA NAIBAHO,2:58:13,74
Berlin,2017,EDRIC NATHANAEL,4:18:13,18584
Berlin,2017,HERWAN NG,4:58:07,24747
Berlin,2017,DATI NGADIMAN,5:37:48,10145
Berlin,2017,NEIL MURAD,4:51:53,23978
Berlin,2017,SALJU NOVRYANTO,6:18:30,27999
Berlin,2017,UBAIDILLAH NUGRAHA,6:58:41,28147
Berlin,2017,IGO NUGROHO,4:01:32,14950
Berlin,2017,INGA NUH,6:05:22,10793
Berlin,2017,JULIANY NURDIN,5:18:47,9417
Berlin,2017,MARIA NURINGTYAS,5:51:26,10514
Berlin,2017,NURSIH NURSIH,5:17:35,9366
Berlin,2017,CENDY OCTAVIAN,5:24:13,26588
Berlin,2017,FITRIA OCTAVIANI,5:08:42,8922
Berlin,2017,FARRY ONGKOWIDJAJA,4:48:00,23492
Berlin,2017,JIMMY PANGESTOE,3:41:22,9061
Berlin,2017,FILIANA PARENGKUAN,7:18:23,11073
Berlin,2017,INDIRA URIP,5:03:59,8664
Berlin,2017,NURWIDIYANTORO PERMONO,4:32:06,21282
Berlin,2017,THOMAS PRABOWO,4:45:56,23254
Berlin,2017,ARIEF PRADETYA,3:58:32,13919
Berlin,2017,SITI PRADITHYA,6:09:23,10848
Berlin,2017,IRENE PRAMANA,5:16:27,9322
Berlin,2017,BOWO PRAMOEDITO,5:07:58,25589
Berlin,2017,FAARIS PRANAWA,5:53:52,27607
Berlin,2017,WILSON PRANOTO,3:54:41,12572
Berlin,2017,WIENTORO PRASETYO,4:55:39,24451
Berlin,2017,ANDHIKA PRATAMA,6:25:46,28049
Berlin,2017,ALBERTUS PRATOMO,7:03:27,28153
Berlin,2017,WILLY PRIYOKO,5:01:35,25085
Berlin,2017,YUDO PURNOMOSIDI,6:15:29,27977
Berlin,2017,SAID PUTRA,5:48:52,27475
Berlin,2017,MELANIE PUTRIA,4:09:52,3705
Berlin,2017,AJANI RAHADIANY,4:59:04,8336
Berlin,2017,MUHAMAD RAKSITRIANAWAN,5:24:11,26586
Berlin,2017,DINAR RALIA,6:35:48,11019
Berlin,2017,JIMMY RANDIATMOKO,6:09:01,27888
Berlin,2017,L RANGKUTY,4:49:44,23720
Berlin,2017,ALEXANDER RASJID,5:02:09,25134
Berlin,2017,. RICKY,4:59:12,24865
Berlin,2017,NITTA ROLLITA,6:03:47,10765
Berlin,2017,CHAIRINA RUBBANY,5:40:30,10229
Berlin,2017,FEBRINA RUMAMBI,5:08:13,8896
Berlin,2017,PANDU RUNDANA,5:54:16,27624
Berlin,2017,NOVIANA SADIKIN,4:12:39,3967
Berlin,2017,FITHRI SADIQAH,4:50:33,7665
Berlin,2017,WILLY SAELAN,3:58:42,13992
Berlin,2017,ANDRIO SAFIRO,5:41:47,27314
Berlin,2017,DEBBY SAGITARIA,6:36:57,11027
Berlin,2017,WILLEM SALIM,3:56:22,13121
Berlin,2017,STEVEN SAMUDERA,4:08:16,16402
Berlin,2017,ALYA SANI,6:29:56,10990
Berlin,2017,BOBBY SAPUTRA,5:34:10,27041
Berlin,2017,DHINA SARI,5:31:53,9931
Berlin,2017,RENDY SAROSO,4:07:01,16129
Berlin,2017,HENDRIK SASMITO,4:58:04,24742
Berlin,2017,CHANDRA SATAR,5:21:55,26483
Berlin,2017,YULVIRA SAVINDRI,4:59:12,8351
Berlin,2017,RAMADHAN SENTOUSA,5:03:35,25246
Berlin,2017,ARDO SEPTAMA,4:27:18,20401
Berlin,2017,ADRIANUS SETIADI,4:48:02,23497
Berlin,2017,SAMUEL SETIYANTO,5:05:06,25378
Berlin,2017,AHMAD ZULFA,4:18:10,18574
Berlin,2017,SHANDRA SHANDRA,5:18:14,9395
Berlin,2017,AKHMAD SHIDIQ,6:29:55,28072
Berlin,2017,SETYA SIDHARTA,6:56:15,28143
Berlin,2017,HENRI SIHOMBING,4:34:35,21636
Berlin,2017,ELIZABETH SILALAHI,5:04:04,8671
Berlin,2017,MARION SILITONGA,6:08:00,10832
Berlin,2017,SONIA SIMATUPANG,5:15:42,9284
Berlin,2017,HERBERT SINAGA,6:17:06,27987
Berlin,2017,ASMARA SISWANDARI,5:07:08,8847
Berlin,2017,RUBISMO SOEDIONO,4:54:32,24320
Berlin,2017,LINA SOELIANTO,4:42:27,22775
Berlin,2017,SANDRA SOEMANTO,5:17:48,9380
Berlin,2017,ALBERT SOENARJO,4:55:37,24444
Berlin,2017,RENDY SOENARSO,4:25:40,20050
Berlin,2017,WIDIATMOKO SOEPARDI,5:33:34,27021
Berlin,2017,HARRY SOERIAATMADJA,4:52:41,24090
Berlin,2017,AGUSTINUS SOETEDJO,5:44:57,27394
Berlin,2017,WIDURI SRUMENGANTI,6:32:19,11000
Berlin,2017,BEY SUBAGIO,5:51:32,27551
Berlin,2017,ANTON SUBEKTI,6:15:03,27971
Berlin,2017,SUDJONO SUDJONO,4:34:20,21590
Berlin,2017,MICHAEL SUGIRIN,5:23:17,26546
Berlin,2017,MOHAMAD SUGIRIN,5:33:11,26999
Berlin,2017,RIZATUZ SUGIRIN,6:18:27,10917
Berlin,2017,SUHARTANTO SUHARTANTO,5:59:26,27733
Berlin,2017,SUJAYADI SUJAYADI,5:28:24,26800
Berlin,2017,AMELIA SUKARMAN,6:17:53,10914
Berlin,2017,NICO SUKUR,6:13:18,27949
Berlin,2017,MEYDELEINE SULISTIO,4:50:42,7672
Berlin,2017,YULIAN SUMARJO,5:16:40,26186
Berlin,2017,KIAN SUMITRA,5:32:51,26985
Berlin,2017,MARIA SUPARNO,4:40:20,6768
Berlin,2017,BENNY SURJADHARMA,5:14:40,26051
Berlin,2017,TRIHANGGO SURYA,4:11:24,17115
Berlin,2017,TJIOE SURYADI,6:19:39,28016
Berlin,2017,ANDRE SUSANTO,5:11:02,25800
Berlin,2017,BUDIYANTO SUSANTO,4:34:16,21575
Berlin,2017,WAHYUDI SUSANTO,6:11:37,27923
Berlin,2017,JEFFREY SUTANTO,2:53:42,959
Berlin,2017,ROSLINA SUTRISNO,6:50:51,11059
Berlin,2017,WANTI SYAIFULLAH,5:19:51,9456
Berlin,2017,SETIAWAN TAN,6:04:25,27817
Berlin,2017,MELANIE TANTRI,6:20:20,10933
Berlin,2017,LEONARDY TANU,5:09:15,25676
Berlin,2017,SALLY TANUDJAJA,3:58:08,2588
Berlin,2017,DAVEY TANUWIDJAJA,6:31:08,28079
Berlin,2017,JOHANES HANDOKO,5:36:48,27142
Berlin,2017,OCTAVIANUS TEDJOJUWONO,5:12:43,25926
Berlin,2017,MEILIYULIANI THE,3:58:52,2676
Berlin,2017,RIJAN TIANUS,5:13:31,9185
Berlin,2017,ANDI TINELLUNG,4:38:49,22289
Berlin,2017,ANIE TIRTONO,5:36:29,10100
Berlin,2017,OUW TJEN,4:15:37,4267
Berlin,2017,PHIONG TJHUNG,6:19:30,28014
Berlin,2017,MEI TOPING,5:14:26,26031
Berlin,2017,RATNA TRIKUNIANTI,6:53:13,11062
Berlin,2017,MAURA TUPAMAHU,4:39:11,6663
Berlin,2017,OZAL UDAYA,5:43:25,27353
Berlin,2017,TINGGAR URIP,5:16:46,26190
Berlin,2017,HENRY USMAN,4:32:02,21273
Berlin,2017,JOHNY USMAN,3:51:37,11730
Berlin,2017,AGUS UTOJO,3:56:09,13045
Berlin,2017,BAGUS UTOMO,4:47:47,23470
Berlin,2017,HANDOKO UTOMO,4:38:35,22255
Berlin,2017,HAN VE,4:27:02,20349
Berlin,2017,VIVI BONG,5:31:20,9909
Berlin,2017,TEKCHING WADOE,4:35:42,21798
Berlin,2017,MARISKA WAHYUDIANI,6:11:51,10870
Berlin,2017,CHRISTIAN WANANDI,5:02:27,25167
Berlin,2017,ADHI WARDHANA,6:19:27,28012
Berlin,2017,JOHANNES WARDHANA,5:01:47,25102
Berlin,2017,YATI WARYATI,5:57:21,10647
Berlin,2017,MUHAMAD WIBAWA,6:19:27,28013
Berlin,2017,GUNTUR WIBOWO,3:59:27,14330
Berlin,2017,TRY WIBOWO,5:52:11,27570
Berlin,2017,ROSI WIDITO,6:32:13,10999
Berlin,2017,DIDIET WIDIYANA,4:32:30,21333
Berlin,2017,CHANDRA WIDJAJA,4:19:24,4659
Berlin,2017,CHRISTIAN WIDJAJA,4:40:59,22584
Berlin,2017,DAVID WIDJAJA,4:21:23,19243
Berlin,2017,STEFANUS WIDJAJA,5:19:54,26373
Berlin,2017,BAYU WIDYANTO,4:42:35,22792
Berlin,2017,MURSOSAN WIGUNA,7:05:06,28154
Berlin,2017,ADI WIJAYA,5:37:42,27177
Berlin,2017,HERMAWAN WIJAYA,5:53:56,27610
Berlin,2017,IRWAN CHANDRA,4:36:18,21898
Berlin,2017,POALER WILIANTO,5:06:34,25484
Berlin,2017,RUDY WINARTO,4:54:58,24370
Berlin,2017,I WIRATMA,5:40:42,27274
Berlin,2017,INDRA WIRAWAN,5:50:09,27512
Berlin,2017,RIYO WISAKSONO,5:02:13,25140
Berlin,2017,FIFIEK WOELANDARA,6:01:54,10733
Berlin,2017,MIFTAHUL YAZID,5:25:42,26668
Berlin,2017,FIRMAN YUDIANSYAH,6:18:32,28001
Berlin,2017,ANDRIAN YUSWANDI,4:31:10,21122
Berlin,2017,VEROSYA YUSUF,6:18:34,10920
Berlin,2017,ANDI ZULFIKAR,5:23:34,26555
Berlin,2017,ABRAHAM ZULKARNEIN,5:11:06,25806
Berlin,2018,FRANKY GUMULYA,6:56:04,28454
Berlin,2018,GATOT ADINATA,6:15:45,28178
Berlin,2018,WAHYU ADININGTYAS,4:54:31,8111
Berlin,2018,PRANATA ADIWIJAYA,3:56:12,12237
Berlin,2018,DINA AFRIANA,5:49:15,11251
Berlin,2018,MOHAMAD AGUNG,5:58:49,27763
Berlin,2018,HARDI TANAMAL,3:55:34,12049
Berlin,2018,BIMA AGUSTIONO,6:10:02,28062
Berlin,2018,FARADILA AISNAINI,5:25:25,10211
Berlin,2018,ANDI AKBAR,4:25:11,18589
Berlin,2018,DEBBY ALISHINTA,5:36:36,10744
Berlin,2018,JOHAN ALWI,5:25:56,26127
Berlin,2018,AFRA AMALIA,6:24:26,12083
Berlin,2018,ERNY AMBARITA,6:30:48,12157
Berlin,2018,RUDY AMIN,6:50:26,28430
Berlin,2018,FRANCISCUSXAVERIUS ANANDA,4:57:50,23712
Berlin,2018,RENDY ANDREAS,6:16:10,28182
Berlin,2018,SUWARNI ANDRIAS,6:35:14,12200
Berlin,2018,MARIA YUVITA,5:11:24,9385
Berlin,2018,SARAH ANGGRAINI,5:42:42,10992
Berlin,2018,SAMUEL MARIO,5:07:13,24688
Berlin,2018,DEVI APRISTOWATI,6:38:12,12226
Berlin,2018,MEITI ARIA,6:09:00,11821
Berlin,2018,ERLANGGA ARIADARMA,5:21:05,25829
Berlin,2018,ALBERT ARIFIN,5:01:43,24180
Berlin,2018,AWANG ARINDA,6:06:30,27992
Berlin,2018,ARRESTO ARIO,4:36:27,20591
Berlin,2018,AZIS ARMAND,5:52:21,27482
Berlin,2018,NOVIA ARTINI,5:54:47,11426
Berlin,2018,NANO ACHMAD,6:12:03,28103
Berlin,2018,ALFIAN BANGUN,4:58:33,23807
Berlin,2018,AMISESO BAROTO,6:57:55,28459
Berlin,2018,MAHA BASUKI,6:36:22,12207
Berlin,2018,ARTUR BATUBARA,5:38:26,26855
Berlin,2018,DILAN BATUPARAN,6:33:28,28341
Berlin,2018,DIEYAN BERNARD,4:49:33,22528
Berlin,2018,RIZKY PUTRA,5:22:04,25884
Berlin,2018,SILVIANTY SYAFRUDDIN,5:31:42,10535
Berlin,2018,NAMIRA BOWO,6:24:23,12080
Berlin,2018,ROBBYANTO BUDIMAN,5:46:49,27251
Berlin,2018,RICKI CAHYANA,6:46:15,28420
Berlin,2018,NANIS CAHYANINGDYAH,5:59:27,11593
Berlin,2018,SYLVIA CANDRA,5:03:18,8844
Berlin,2018,NATASIA CHANDRA,5:48:31,11218
Berlin,2018,JOSHUA ASALI,5:46:51,27252
Berlin,2018,JOSHUA CHRISTIANTO,4:50:21,22660
Berlin,2018,ONELLYANTIE CHUAH,4:49:54,7644
Berlin,2018,MERCYELLA DAENG,5:56:09,11474
Berlin,2018,DIAN DAMAYANTI,6:28:42,12133
Berlin,2018,HERRY DARMA,6:17:38,28206
Berlin,2018,LISA DEWI,4:13:33,4154
Berlin,2018,SITHARESMI DEWI,6:35:18,12201
Berlin,2018,SASHA DHITA,6:22:31,12057
Berlin,2018,ANGGIA DIRMAS,5:22:01,10022
Berlin,2018,SEPTININGSIH DRONGELEN,6:00:47,11632
Berlin,2018,ADE ECHIZENYA,4:49:49,7634
Berlin,2018,EDEM EDEM,6:21:00,28252
Berlin,2018,NATHANAEL EDRIC,4:27:33,19042
Berlin,2018,FRANSISKA EKASARI,5:41:30,10935
Berlin,2018,BAARY HATMADJA,5:00:55,24104
Berlin,2018,EUNIKE EUNIKE,5:09:52,9271
Berlin,2018,JUNIUS HUTAJULU,5:18:16,25584
Berlin,2018,AUDI FAREZA,4:30:21,5795
Berlin,2018,YUSRON FAUZAN,4:48:08,22331
Berlin,2018,NURLENI FEBRIANA,6:08:46,11816
Berlin,2018,NOVEL FERNANDO,4:23:42,18311
Berlin,2018,INGRID FIRMANSJAH,4:34:53,6226
Berlin,2018,BONA FITHRAH,5:49:08,27361
Berlin,2018,MIA FITRI,5:49:12,11250
Berlin,2018,ERLY FITRIANTI,4:55:01,8151
Berlin,2018,DANAN FOSSARUS,6:24:54,28286
Berlin,2018,CHANDRA FUNGMADI,4:25:57,18745
Berlin,2018,SUMARSONO GAN,6:10:01,28059
Berlin,2018,PAULUS GANDHANYA,5:41:21,27001
Berlin,2018,GITA GILANGKENCANA,6:12:37,11915
Berlin,2018,INDRAWATI GOENAWAN,4:52:05,7858
Berlin,2018,OSCAR GOMULIA,5:08:34,24794
Berlin,2018,HENRY GUNARDI,3:53:50,11524
Berlin,2018,FIRMAN GUNAWAN,3:46:42,9703
Berlin,2018,RUSLI GUNAWAN,4:24:56,18545
Berlin,2018,ANDY GUSENA,4:47:28,22229
Berlin,2018,ALLIZA HADIJAT,6:01:56,11672
Berlin,2018,FARIZ HAKIM,4:39:39,21056
Berlin,2018,AGUS HALIM,5:31:17,26486
Berlin,2018,NUZULIA NASUTION,5:39:17,10837
Berlin,2018,LUCIANE HANDAYANI,5:57:56,11537
Berlin,2018,ALIA HANY,5:42:16,10972
Berlin,2018,ANGGRAINI HAPSARITAMI,6:24:07,12075
Berlin,2018,DODDY HARDIANTO,5:16:21,25445
Berlin,2018,SURYAMITA HARINDRARI,6:22:24,12055
Berlin,2018,HARTONO HARIS,4:45:13,21911
Berlin,2018,JENNY HARTANTO,4:25:56,5299
Berlin,2018,GADIZA HARTAWAN,6:04:16,11724
Berlin,2018,JULITA HARTONO,5:58:03,11544
Berlin,2018,MARCELLA HARTONO,6:23:55,12072
Berlin,2018,AYUNINGRUM HARYOKUSUMO,3:54:23,2265
Berlin,2018,MARCELLIANA HASAN,5:08:23,9178
Berlin,2018,TEDJO HATMADI,5:54:15,27556
Berlin,2018,HENDRA HENDRA,4:27:49,19111
Berlin,2018,TRI HENDRATNO,6:07:30,28010
Berlin,2018,ANDREE HENDRIANTO,4:24:24,18436
Berlin,2018,ADYSTRA HERAYANTO,4:13:24,16258
Berlin,2018,AGUS HERMAWAN,5:15:34,25386
Berlin,2018,CRESCENTO HERMAWAN,5:05:13,24518
Berlin,2018,RICKY HERMAWAN,6:36:39,28366
Berlin,2018,NOVIE HERNAWATI,6:42:45,12256
Berlin,2018,TITO HIDAYATULLAH,6:11:13,28084
Berlin,2018,HADRIANA HIJRAH,4:54:14,8082
Berlin,2018,SARY HIRMAYANI,5:02:22,8783
Berlin,2018,LUCKY HANDAYANI,6:38:59,12233
Berlin,2018,MERLIN INDRA,3:55:57,2418
Berlin,2018,EKA INDRAJAYA,4:32:19,19958
Berlin,2018,YENNY INDRIANI,6:30:40,12153
Berlin,2018,DEDY SUPARMAN,5:51:22,27449
Berlin,2018,DWI IRIANTI,5:26:57,10296
Berlin,2018,DANA ISWARA,6:10:14,11853
Berlin,2018,KRISTOMUS IWO,4:28:44,19281
Berlin,2018,DANNY SIWU,4:27:57,19142
Berlin,2018,BERNARD JUANO,4:31:28,19816
Berlin,2018,JULYASARI JULYASARI,5:05:43,9005
Berlin,2018,SILVIA JUNAIDI,6:33:54,12189
Berlin,2018,RENO JUNIRMAN,6:36:08,12205
Berlin,2018,RIYANA KADARSARI,5:49:09,11245
Berlin,2018,FAIZIN KADNI,4:11:26,15838
Berlin,2018,JOSEPH KANGINAN,4:08:27,15273
Berlin,2018,SURJANTO KARDIMAN,4:57:08,23623
Berlin,2018,IRA KARTIKA,6:32:33,12178
Berlin,2018,MICHAEL KARTONO,4:38:26,20886
Berlin,2018,TROY KIPUW,4:54:32,23242
Berlin,2018,BAYU KOBARSIH,6:12:47,28126
Berlin,2018,RIA KOMARIAH,6:58:03,12321
Berlin,2018,DANIEL KOROMPIS,3:41:49,8502
Berlin,2018,YANNY KOSASIH,5:08:35,9191
Berlin,2018,KRISTANTI KRISTANTI,4:46:45,7361
Berlin,2018,CHRISTINA KUMALA,4:38:25,6547
Berlin,2018,FENDY KUMALA,3:49:48,10488
Berlin,2018,DINI KUSUMAWARDHANI,5:52:07,11345
Berlin,2018,IMING LAN,5:55:47,27620
Berlin,2018,HARRYJANTO LASMANA,5:42:18,27049
Berlin,2018,JOHON LAURENS,6:20:32,28247
Berlin,2018,HERMAN LAY,4:55:21,23355
Berlin,2018,DWI LESTARININGSIH,5:30:34,10475
Berlin,2018,HENGKI LESTONO,5:15:23,25365
Berlin,2018,HENNY LIMARGA,5:21:37,10004
Berlin,2018,IMELDA LUBIS,6:12:44,11920
Berlin,2018,EDWARD LUGIANA,4:17:30,17125
Berlin,2018,MARTINO LUIS,3:15:51,3391
Berlin,2018,JERRY MAMBAITFETO,3:26:11,5082
Berlin,2018,EDISON MANALU,5:14:27,25304
Berlin,2018,MANLI MANLI,4:38:25,20884
Berlin,2018,IRMAYANTI MANSYUR,5:32:27,10575
Berlin,2018,BARATA MARDIKOESNO,5:47:31,27283
Berlin,2018,AMERTA MARDJONO,6:35:43,28357
Berlin,2018,DIANA SEVI,5:34:35,10661
Berlin,2018,BINBIN MARIANA,5:36:27,10738
Berlin,2018,TRIJONO MARTONO,5:53:17,27514
Berlin,2018,RAHMAT MATONDANG,3:52:26,11120
Berlin,2018,NAIDA MELISKA,5:23:44,10114
Berlin,2018,ALEXANDER ERTANTO,5:04:53,24484
Berlin,2018,RIANA MONTISANO,5:01:00,8699
Berlin,2018,EDITHA MULYANINGRUM,4:41:54,6880
Berlin,2018,SISKA HERRANI,6:24:25,12082
Berlin,2018,NURKAMA NASMIKO,4:50:32,22688
Berlin,2018,VIGA NASUTION,5:39:07,10832
Berlin,2018,WILLY NG,5:31:43,26506
Berlin,2018,ABDOERRIAS NOER,6:12:53,28128
Berlin,2018,SISKA NOVERINA,5:38:41,10818
Berlin,2018,HILDA NOVIANTI,4:42:59,6973
Berlin,2018,SYLVIA NOVIETA,5:25:38,10224
Berlin,2018,AGUNG NUGRAHA,5:13:07,25202
Berlin,2018,ZULKARNAINI NURBIT,6:13:56,28151
Berlin,2018,ALINAPIAH NURSAM,5:43:25,27106
Berlin,2018,TEDDY OETOMO,5:18:03,9814
Berlin,2018,MARY OETOMO,6:46:41,12276
Berlin,2018,AKE PANGESTUTI,5:44:54,11091
Berlin,2018,CHARLIN PANGRIL,5:51:34,11325
Berlin,2018,NOVINI PASARIBU,6:05:32,11752
Berlin,2018,ANTARIUS PATIARA,5:09:21,24856
Berlin,2018,JOMIMA PAULINA,4:36:21,6374
Berlin,2018,REINA PAWITRA,6:06:59,11787
Berlin,2018,WIDYA PERMANA,5:30:14,26412
Berlin,2018,RAYMOND HANDARU,6:47:32,28421
Berlin,2018,JOKO PHIE,4:47:31,22238
Berlin,2018,CAROL PIETER,5:08:42,9200
Berlin,2018,JABEZ PIETERS,4:56:59,23602
Berlin,2018,ADRI PRADIPTA,6:30:36,12147
Berlin,2018,CATHRINE PRAJITNO,5:06:13,9031
Berlin,2018,LINA PRAMAWATI,6:08:32,11811
Berlin,2018,RIZA PRATAMA,6:29:02,28314
Berlin,2018,KRISTINA PRATIWI,5:49:35,11261
Berlin,2018,PRAWIRADEWA PRAWIRADEWA,6:55:57,28453
Berlin,2018,NOKA PRIHASTO,5:00:19,24039
Berlin,2018,MASTA PURBA,6:13:25,11932
Berlin,2018,DIAN PURNAMA,5:50:56,11309
Berlin,2018,AGUNG PURNAWAN,5:28:28,26289
Berlin,2018,HESTY PURWADINATA,5:29:20,10415
Berlin,2018,AJI RACHMAN,4:16:24,16904
Berlin,2018,ARIEF RACHMATTULLOH,4:12:16,16016
Berlin,2018,KETUT RAHAYU,5:46:58,11158
Berlin,2018,KUKUH RAHMATULLAH,6:03:40,27918
Berlin,2018,RYNI RAHMAWATI,6:16:10,11971
Berlin,2018,WETHANDRIE RAMADHAN,5:48:42,27333
Berlin,2018,FITRI RAMLI,6:47:02,12278
Berlin,2018,JAY RASJIDGANDHA,3:16:52,3537
Berlin,2018,YUSTINUS RIAWAN,6:55:51,28452
Berlin,2018,AL RIDLA,4:27:30,19031
Berlin,2018,ELYANA RIMBANA,6:11:49,11888
Berlin,2018,SRI RIWIDAGDO,6:07:03,28000
Berlin,2018,BOY RIZKY,6:32:52,28338
Berlin,2018,RIZKY RIZKY,6:04:42,27953
Berlin,2018,FEBRY RIZQIARDIHATNO,6:09:02,28040
Berlin,2018,ELYAN ROBERT,4:35:16,6270
Berlin,2018,ARIANTO RUDJITO,6:04:11,27936
Berlin,2018,RULLY RULIADI,6:24:07,28278
Berlin,2018,RUSNA RUSNA,5:38:44,10820
Berlin,2018,SABRINA GHANI,5:50:42,11299
Berlin,2018,RUDY SALAHUDDIN,5:37:08,26804
Berlin,2018,EKO SALEH,4:00:29,13621
Berlin,2018,WILLEM SALIM,3:57:10,12534
Berlin,2018,FRANSISCO SAMOSIR,4:49:14,22492
Berlin,2018,PISCILA SAMSUDI,4:59:35,8593
Berlin,2018,ADINDA SANDRA,5:57:23,11511
Berlin,2018,RESSY SANDRINA,4:49:12,7581
Berlin,2018,MOHAMAD SANDUAN,4:34:35,20321
Berlin,2018,BENYAMIN SAPIIE,5:28:32,26295
Berlin,2018,ANDI SAPUTRA,5:37:03,26798
Berlin,2018,BOBBY SAPUTRA,5:21:54,25874
Berlin,2018,ANDY SARDJITO,4:14:53,16577
Berlin,2018,SHERLY SARTONO,5:27:08,10304
Berlin,2018,HENDRY SASMITAPURA,5:37:01,26795
Berlin,2018,DIAN SASTRO,6:06:58,11786
Berlin,2018,THEO SATRIA,6:07:29,28008
Berlin,2018,MUHAMMAD SATRIYONEGORO,5:27:58,26260
Berlin,2018,ANGGANATA SEBASTIAN,4:38:37,20915
Berlin,2018,ARIANI SELAMAT,6:19:01,12015
Berlin,2018,ANDRI SETIABUDI,5:58:01,27732
Berlin,2018,NOVI SETIADI,4:44:02,7053
Berlin,2018,AKHMAD SHIDIQ,6:38:15,28379
Berlin,2018,CHRISTOVIK SIMATUPANG,3:14:28,3165
Berlin,2018,CHRYSOLOGUS SINULINGGA,5:58:09,27738
Berlin,2018,FATMA SIREGAR,5:51:12,11314
Berlin,2018,LISA SANTY,4:28:45,5599
Berlin,2018,REVI SITOMPUL,6:48:41,12286
Berlin,2018,ARDJUNA SITORUS,6:20:14,28240
Berlin,2018,FERNANDO SITORUS,5:09:19,24854
Berlin,2018,SANDRA SOEMANTO,5:28:05,10348
Berlin,2018,EDY SUBAKTI,6:34:58,28352
Berlin,2018,ARIEF SUBROTO,6:30:46,28326
Berlin,2018,SETIAWAN SUDHARMA,4:45:54,22009
Berlin,2018,JULIA SUDJONO,5:31:17,10515
Berlin,2018,DHANY SUGIRIN,5:47:25,27276
Berlin,2018,RIZATUZ SUGIRIN,5:47:26,11178
Berlin,2018,HANA SUGOTO,5:24:43,10166
Berlin,2018,AMIR SUHERLAN,6:33:56,28345
Berlin,2018,RACHMAT SUHIRMAN,3:54:02,11585
Berlin,2018,PURWATI SUKINO,5:58:03,11542
Berlin,2018,JENNY SULAIMAN,5:07:36,9132
Berlin,2018,DEWI SULISTYANTI,6:40:06,12236
Berlin,2018,RONNY SULISTYO,5:39:02,26886
Berlin,2018,IKAWATI SULTHAN,4:53:06,7954
Berlin,2018,SHERLY SUMARLIN,5:47:17,11171
Berlin,2018,FERLIANA SUMINTO,5:41:27,10932
Berlin,2018,ARIS SUNARTO,6:06:36,27993
Berlin,2018,LINDA SUNOTOREDJO,5:14:00,9569
Berlin,2018,VINCENTIUS SUNUR,4:17:21,17100
Berlin,2018,IGNATIUS SURADILAYA,5:23:44,25993
Berlin,2018,WIDI SUSANTO,3:27:17,5326
Berlin,2018,BUDI SUSILA,4:58:10,23752
Berlin,2018,IRENE SUTANTO,5:29:19,10412
Berlin,2018,RIZAL SUTEDJO,6:11:59,28102
Berlin,2018,ROSLINA SUTRISNO,6:46:05,12272
Berlin,2018,ECEP MUSLIMIN,5:38:45,26871
Berlin,2018,REZA HARUMAN,5:02:30,24263
Berlin,2018,DHANY SYAFRIADY,5:04:25,24442
Berlin,2018,NOTARIZA TAHER,6:10:27,28076
Berlin,2018,DIANA TAJUDDIN,5:25:27,10215
Berlin,2018,AGUS TAMIN,5:07:50,24737
Berlin,2018,HANDY TAMIN,6:01:40,27853
Berlin,2018,SURADI TAMIN,5:48:02,27306
Berlin,2018,ADHIPUTRA TANOYO,6:12:44,28124
Berlin,2018,THE TANUJAYA,4:52:50,23006
Berlin,2018,THE TANUJAYA,3:52:17,11079
Berlin,2018,DIANA TANUWIJAYA,4:54:15,8083
Berlin,2018,FITRIWATY TANUWIJAYA,4:54:24,8101
Berlin,2018,DEVIYANTI TARIGAN,5:20:26,9938
Berlin,2018,VANIA TARMEDHI,5:27:27,10316
Berlin,2018,RONNY TEDJA,4:51:20,22801
Berlin,2018,CHARLES TENLIMA,6:43:01,28404
Berlin,2018,DHARMAGINTA THANOS,6:02:29,27884
Berlin,2018,FENDY THEMOSSA,5:48:32,27325
Berlin,2018,RETI TIBULUDJI,5:43:56,11056
Berlin,2018,ALFONSIUS TIMMY,4:43:15,21598
Berlin,2018,ANDI ILAHI,5:34:52,26678
Berlin,2018,SUNARTO TINOR,5:17:55,25559
Berlin,2018,HENDRA TIRTAWINATA,4:25:30,18642
Berlin,2018,JAHJA TJAHJANA,3:28:45,5696
Berlin,2018,JIMMY TJAHJANTO,4:39:03,20967
Berlin,2018,VIVI TJANDRA,6:01:07,11639
Berlin,2018,JAP WIE,6:08:35,28035
Berlin,2018,HENTY TJHIN,5:51:31,11324
Berlin,2018,JOHAN TJIANG,4:51:01,22756
Berlin,2018,DENISE TJOKROSAPUTRO,5:08:46,9204
Berlin,2018,RAYENDRA TOBING,5:53:50,27528
Berlin,2018,RATNA TRIKURNIANTI,6:14:04,11950
Berlin,2018,MILUG TRISARJONO,5:45:09,27176
Berlin,2018,ADRI TRIWITJAHJO,5:03:22,24332
Berlin,2018,BUDI UTAMA,5:42:19,27050
Berlin,2018,MEIDHY UTAMA,4:12:21,16041
Berlin,2018,JUSTINUS UTOMO,5:49:35,27380
Berlin,2018,MUFTI UTOMO,4:23:11,18219
Berlin,2018,ARIEF WANA,6:21:55,28257
Berlin,2018,MAYA WATONO,4:38:14,6531
Berlin,2018,JOHAN WAWORUNTU,5:36:54,26789
Berlin,2018,LOVY WENCY,5:31:35,10530
Berlin,2018,SETIYO WIBOWO,4:39:54,21112
Berlin,2018,MARRISA WIDIYANTI,4:30:20,5793
Berlin,2018,SILVIA WIDJAJA,5:14:44,9607
Berlin,2018,TIFFANY WIDJAJA,5:27:47,10333
Berlin,2018,DESY OEY,6:13:16,11929
Berlin,2018,ADWIN WINARTO,4:53:21,23075
Berlin,2018,FRITZ WINATA,4:28:01,19154
Berlin,2018,JANA WINATAPRADJA,5:44:35,11081
Berlin,2018,MOCHAMMAD WINGKY,4:54:39,23251
Berlin,2018,FERRY WIRIANTO,5:54:27,27569
Berlin,2018,TITI REZEKI,4:43:51,7042
Berlin,2018,EDWIN YONATHAN,5:55:00,27590
Berlin,2018,DICKY YORDAN,4:42:40,21504
Berlin,2018,TENGKU YULIAN,5:53:04,27506
Berlin,2018,ROMI YULIANTO,5:21:27,25853
Berlin,2018,YULIANUS YULIANUS,4:08:52,15342
Berlin,2018,TEDDY DANAS,5:03:49,24384
Berlin,2018,SAWITRI YUWONO,5:06:58,9080
Berlin,2018,VEROSYA YUSUF,5:58:39,11563
Berlin,2019,SOFIAN -,5:01:23,27244
Berlin,2019,REZA ABIDIN,5:20:26,28565
Berlin,2019,RISMAN ABIDIN,6:04:38,30297
Berlin,2019,JULI SURYANDARI,5:49:08,12340
Berlin,2019,RENI AGUSTIANI,5:28:15,11489
Berlin,2019,NOVI AGUSTINA,4:13:58,5148
Berlin,2019,AMADEUS AHNAN,5:21:58,28671
Berlin,2019,BAYU SUKARNO,5:59:18,30174
Berlin,2019,ALDY ALDY,5:38:09,29445
Berlin,2019,FRANS ALIMAN,5:37:44,29422
Berlin,2019,FRANS ALIMAN,3:49:21,13033
Berlin,2019,VERONICA ANGELINA,4:54:35,9319
Berlin,2019,IKA ANGGRAENI,5:42:28,12108
Berlin,2019,DWI ANGGRAINI,6:25:30,13095
Berlin,2019,FAUZIA ANGGRAINI,6:00:17,12679
Berlin,2019,HENNY ANGGRAINI,3:56:52,3238
Berlin,2019,LISA ANGGRAINI,5:25:44,11363
Berlin,2019,SUMARNO ANGKASA,6:12:55,30445
Berlin,2019,ROY ANTHONY,5:21:40,28656
Berlin,2019,BONNY ANTONIO,6:21:21,30553
Berlin,2019,ADHITYA ARDI,4:52:24,26208
Berlin,2019,HENGKI ARIFIN,4:14:26,19958
Berlin,2019,JOYCE ARTA,4:41:16,8047
Berlin,2019,GENIO ATYANTO,4:21:18,21384
Berlin,2019,YONATAN BAKTI,6:07:33,30355
Berlin,2019,ROBERTUS BILLITEA,4:35:58,24018
Berlin,2019,ELYTHA BONIVASIA,5:34:31,11777
Berlin,2019,HUMAR BOWO,4:49:09,25786
Berlin,2019,NAMIRA BOWO,6:08:46,12869
Berlin,2019,RAMA BRAMASTANA,4:23:49,21860
Berlin,2019,FRANSISCA BUDIMAN,5:40:19,12021
Berlin,2019,WIDADI CAHYADI,3:16:51,4801
Berlin,2019,ALEXANDER CHANDRA,6:06:19,30327
Berlin,2019,STEVANUS CHANDRA,4:44:16,25149
Berlin,2019,MICHAEL CHANG,6:26:49,30622
Berlin,2019,NALENDRA CHARISMAWAN,4:01:43,17162
Berlin,2019,IDA CHRISDIANA,5:41:35,12076
Berlin,2019,JOSHUA CHRISTIANTO,4:11:42,19337
Berlin,2019,RINI CHUDRI,5:26:40,11405
Berlin,2019,HAMDAN DAHLAN,5:55:34,30079
Berlin,2019,SAIMAN DANLY,5:04:03,27455
Berlin,2019,ADI DARMADI,4:30:18,23116
Berlin,2019,FUNGNIWATI DARMAWAN,5:46:25,12259
Berlin,2019,LINGGA DARUTAMA,5:33:09,29233
Berlin,2019,ANTONIUS DARYANTO,6:11:29,30423
Berlin,2019,DEVI DAUD,4:33:20,23596
Berlin,2019,HAKEEM DAUD,5:12:52,28070
Berlin,2019,INDRA DERMAWAN,6:16:51,30501
Berlin,2019,IRINA DEWI,6:11:56,12915
Berlin,2019,NATHALIA SAPUTRA,5:21:40,11135
Berlin,2019,NICHOLAS DHARMA,4:22:35,21630
Berlin,2019,GITA DIMARSANDY,6:09:09,30384
Berlin,2019,YENNI DJAJALAKSANA,4:00:53,3844
Berlin,2019,ARIS DJANARDONO,5:04:22,27481
Berlin,2019,FRIDA DJIWOUTOMO,6:19:37,13040
Berlin,2019,ELY DJOJOHARTONO,6:15:34,12981
Berlin,2019,HERMAN DJOKO,6:30:38,30661
Berlin,2019,PUDJO DJOYO,4:45:34,25329
Berlin,2019,ADE ECHIZENYA,4:58:01,9672
Berlin,2019,BAYU EDMIRALDA,5:18:13,28432
Berlin,2019,YANTO EFFENDI,5:27:01,28950
Berlin,2019,ERNESTO ERNESTO,5:48:58,29873
Berlin,2019,RINI EVASUSANTI,5:56:50,12585
Berlin,2019,MOHD FAISAL,5:58:13,30146
Berlin,2019,ACHMAD FAIZAL,5:46:40,29793
Berlin,2019,YONKY FARDILLA,4:33:10,23568
Berlin,2019,FEBRIAN FEBRIAN,4:19:03,20889
Berlin,2019,FEBRUARTA FEBRUARTA,4:28:19,22751
Berlin,2019,BUNTORO FERRY,4:40:49,24700
Berlin,2019,MUHAMMAD FIKRI,4:10:44,19115
Berlin,2019,AMIN FIRMAN,4:27:25,22586
Berlin,2019,HANANI FISAFARANI,5:03:38,10104
Berlin,2019,ASTERLIA FITRI,5:13:04,10692
Berlin,2019,JOHAN FOK,4:49:14,25809
Berlin,2019,DANAN FOSSARUS,6:22:42,30574
Berlin,2019,BAYU FRISTANTY,6:19:05,13029
Berlin,2019,NISA FURI,5:37:14,11899
Berlin,2019,SITI GARMILAH,6:08:44,12868
Berlin,2019,SATRIO GATOT,5:37:53,29430
Berlin,2019,LISA GILLIAN,5:07:07,10350
Berlin,2019,AGUSTINUS GINTING,6:11:56,30428
Berlin,2019,SELVIA GOFAR,4:56:22,9524
Berlin,2019,ANNY GORAT,3:51:16,2537
Berlin,2019,MING GUITO,5:17:46,28402
Berlin,2019,ESMIRALDA GULTOM,5:35:38,11821
Berlin,2019,JANIS GUNAWAN,4:49:37,25858
Berlin,2019,MARCELLA GUNAWAN,5:44:17,12160
Berlin,2019,HADI HAKIM,4:50:31,25968
Berlin,2019,ARISTO HALIM,4:23:12,21760
Berlin,2019,HANDAYANI HALIM,4:23:24,6181
Berlin,2019,RAHMAN HALIM,4:34:03,23737
Berlin,2019,ARI HANDAKA,4:43:20,25036
Berlin,2019,KARINA HANDAYANI,4:13:40,5124
Berlin,2019,IWAN HANDOYO,4:16:19,20329
Berlin,2019,MARIA HAPSARI,4:41:38,8085
Berlin,2019,FAJAR HARIYANTO,4:52:42,26247
Berlin,2019,RIO HARMAWAN,5:56:32,30094
Berlin,2019,RUDY HARTONO,5:40:14,29532
Berlin,2019,YUDHI HARYADI,6:06:40,30330
Berlin,2019,YUSA HARYADI,3:45:30,11940
Berlin,2019,MOCHAMMAD HASAN,5:22:26,28694
Berlin,2019,KARTIKA HENDRAWAN,4:32:53,23516
Berlin,2019,EDWIN HENDRIADI,4:45:09,25270
Berlin,2019,PATRICIA HENY,3:57:17,3294
Berlin,2019,HERNANTO HERU,4:06:54,18289
Berlin,2019,ALI HUSEN,4:35:24,23928
Berlin,2019,KRISTIN HUSEN,5:05:07,10215
Berlin,2019,ASTIA HUTAJULU,6:26:17,13106
Berlin,2019,SOFHYAN INDRAWAN,5:03:29,27416
Berlin,2019,IRA INDRIANI,6:09:29,12883
Berlin,2019,RETNO INDRIASTUTI,4:33:04,7277
Berlin,2019,ANDRIAN IRAWAN,6:50:18,30724
Berlin,2019,HADI IRAWAN,4:15:44,20218
Berlin,2019,MOHAMMAD IRFAN,3:53:47,14344
Berlin,2019,KRISTIN JAYA,4:47:55,8652
Berlin,2019,MESYA JEYNIE,5:59:03,12646
Berlin,2019,REYNALD JHONSON,6:05:04,30310
Berlin,2019,JOLLY JULIAWATI,5:31:30,11643
Berlin,2019,MUHAMMAD JUNANTO,6:18:48,30519
Berlin,2019,FAIZIN KADNI,3:58:37,16106
Berlin,2019,FERMICO KARAMBUT,4:58:23,26959
Berlin,2019,HIDAYAH KARAMOY,5:38:15,11948
Berlin,2019,RUSMIYATI KARTANEGARA,6:24:50,13090
Berlin,2019,EVA KARTIKA,4:12:46,5019
Berlin,2019,KARTIKA KARTIKA,4:50:59,8973
Berlin,2019,KUMALASARI KARTINI,6:32:59,13176
Berlin,2019,NATALIE KARTORAHARDJO,5:47:49,12304
Berlin,2019,FADLUN KASAU,5:49:08,12341
Berlin,2019,KHANIFAH KHANIFAH,4:25:16,6400
Berlin,2019,LIE SUN,4:15:58,20272
Berlin,2019,FAB KIUN,4:42:58,24987
Berlin,2019,ALWI KO,4:20:53,21289
Berlin,2019,ANISA KOLOPAKING,4:31:00,7063
Berlin,2019,IRA KRAMAYANTI,5:37:15,11901
Berlin,2019,WAHYU KRISHNAMURTI,6:08:33,30370
Berlin,2019,DENNY KURNIA,6:13:57,30460
Berlin,2019,IRWAN KURNIADY,4:39:31,24519
Berlin,2019,ANGUS KURNIAWAN,4:18:43,20800
Berlin,2019,BUDI KURNIAWAN,4:01:05,17010
Berlin,2019,ERRY KURNIAWAN,5:10:28,27915
Berlin,2019,WILLIAM KURNIAWAN,6:02:20,30240
Berlin,2019,PAUL KUSEN,4:31:46,23354
Berlin,2019,ASTRA KUSNOHARDJO,4:52:12,9089
Berlin,2019,HARJATI LATIF,5:59:55,12669
Berlin,2019,TANTONO LAUTAN,5:47:37,29821
Berlin,2019,HENDRA LAUW,4:36:06,24037
Berlin,2019,RIKKY LEONARDO,6:02:26,30242
Berlin,2019,WELLY LEONARDO,4:45:33,25323
Berlin,2019,AGOSTINA LEOWARDI,5:02:38,10036
Berlin,2019,SULISTYANI LESMANA,6:08:15,12858
Berlin,2019,SHINTA LESTARI,5:13:59,10748
Berlin,2019,TRI LESTARI,5:45:18,12215
Berlin,2019,ERWIN LIE,3:49:46,13154
Berlin,2019,HANDOKO LIE,5:45:21,29747
Berlin,2019,DAISY LIEMONTA,5:59:06,12649
Berlin,2019,ELPRIAN LIGHT,4:26:06,22307
Berlin,2019,GEMILANG LIM,4:55:33,26598
Berlin,2019,ANDREW LIMANTO,4:03:13,17447
Berlin,2019,DENNISH LIU,4:50:22,25950
Berlin,2019,JANTO LIU,5:16:15,28302
Berlin,2019,ARIF LUKITO,4:45:33,25327
Berlin,2019,AMANDA LUKMAN,4:31:04,7077
Berlin,2019,LUQMAN LYNDIA,6:35:25,30694
Berlin,2019,MARGARETHA MAHARANI,4:26:24,6524
Berlin,2019,OKKY MAULANA,4:33:46,23674
Berlin,2019,RIMA MEDIA,5:22:55,11218
Berlin,2019,MAHARANI MEGAWATI,6:20:54,13054
Berlin,2019,HILDA MELATI,6:24:50,13091
Berlin,2019,YOSHAN MUHAMMAD,3:46:42,12271
Berlin,2019,FRANSISCA MULYADI,5:27:00,11425
Berlin,2019,HARI MURWANI,5:37:42,11919
Berlin,2019,EDWIN NAFARIN,6:04:59,30309
Berlin,2019,ANDY NASUTION,4:10:12,18986
Berlin,2019,HERWAN NG,4:37:22,24209
Berlin,2019,HERRY TJONG,5:56:39,30102
Berlin,2019,CHRISTIAN NJOO,3:39:57,10357
Berlin,2019,TEDDY NJOTO,5:57:22,12597
Berlin,2019,YUDI NUGRAHA,4:27:46,22659
Berlin,2019,SIGIT NUGROHO,4:55:17,26564
Berlin,2019,LIA NURBAITI,5:16:46,10907
Berlin,2019,ELI NURLIYAH,5:21:19,11110
Berlin,2019,NUNI NURNANINGSIH,5:14:52,10804
Berlin,2019,LILIEK NURUNNADIFAH,5:47:41,12297
Berlin,2019,CENDY OCTAVIAN,5:10:24,27912
Berlin,2019,DAVID OLOAN,4:47:33,25585
Berlin,2019,ERWARD OSCKAR,4:05:35,17999
Berlin,2019,ADITYA PAMUNGKAS,3:07:57,3315
Berlin,2019,PHILIPS PANGESTU,5:51:28,29942
Berlin,2019,YAN PARLINDUNGAN,4:45:12,25278
Berlin,2019,RADITIA PATRIAJI,4:49:34,25851
Berlin,2019,PAULINA PAULINA,5:15:43,10855
Berlin,2019,DOROJATUN PERMANA,4:33:58,23720
Berlin,2019,YULI PERMANA,5:06:09,10287
Berlin,2019,ANASTASIA PERWANTI,5:51:38,12426
Berlin,2019,YUDITIO PONDIUTOMO,6:10:00,28026
Berlin,2019,ANDRE POTRO,5:48:05,29844
Berlin,2019,ANDREAS PRAMUDYA,5:35:32,29334
Berlin,2019,TARWIDI PRIHADIYANTO,5:53:13,30003
Berlin,2019,ELIFIAN PRIHANTO,4:10:16,19002
Berlin,2019,IVAN PRILIYANTO,4:50:00,25905
Berlin,2019,PAULINA PURNOMOWATI,5:55:11,12535
Berlin,2019,ELISABETH PURWANINGSIH,6:37:43,13207
Berlin,2019,RENI ROMELAN,4:52:23,9110
Berlin,2019,INDRA PUTRA,4:16:21,20335
Berlin,2019,ROSADI PUTRA,6:15:25,30482
Berlin,2019,ADITYA RACHMAN,3:34:36,8978
Berlin,2019,MOHAMMAD RAFDIAZHRAF,5:15:15,28229
Berlin,2019,ANDRE RAHARDJO,6:12:17,30437
Berlin,2019,KETUT RAHAYU,5:27:02,11428
Berlin,2019,MIKE RAHAYU,4:30:44,7033
Berlin,2019,DARLENE RAHMAWATI,4:44:52,8384
Berlin,2019,REZKI RAMADHANI,6:08:29,12864
Berlin,2019,LUCILA RANI,5:35:23,11816
Berlin,2019,SUDIRMAN NURHADI,5:15:54,28272
Berlin,2019,ROMI RATHOMI,5:18:49,28468
Berlin,2019,MICHAEL RENO,5:58:51,30163
Berlin,2019,EKO RETNANI,4:50:50,8957
Berlin,2019,HANG RIDHAN,3:56:25,15250
Berlin,2019,AYU RIDHOWATI,5:04:58,10207
Berlin,2019,ANGLING TILARSIH,6:27:35,13119
Berlin,2019,RIZAL RIZAL,4:31:13,23257
Berlin,2019,ANDREAS ROMPIS,5:55:32,30077
Berlin,2019,COLIN ROY,4:34:38,7441
Berlin,2019,SARAH RUSWANDARI,5:14:18,10768
Berlin,2019,LEZA SAHARI,4:27:29,22597
Berlin,2019,DECKY SAHERTIAN,4:43:50,25094
Berlin,2019,AGNES SALIM,6:22:42,13072
Berlin,2019,AGUNG SAMADI,5:12:53,28072
Berlin,2019,PUPUT SAMANTHA,5:51:01,12400
Berlin,2019,JEFFRY SANJAYA,4:02:39,17339
Berlin,2019,HENRY SANTO,6:14:20,30465
Berlin,2019,BUDI SANTOSA,4:11:27,19269
Berlin,2019,EKO SANTOSO,4:56:47,26746
Berlin,2019,BOBBY SAPUTRA,4:40:02,24603
Berlin,2019,EKA SATRIA,4:58:53,27020
Berlin,2019,DYMAS SATRIOPROJO,6:26:52,30626
Berlin,2019,THERESIA SAWITRIDJATI,5:55:01,12527
Berlin,2019,SEFDY SEFDY,3:51:19,13599
Berlin,2019,SEINI SEINI,5:41:55,12086
Berlin,2019,CHARLEY SELIANG,5:15:55,28273
Berlin,2019,LINTO SENJAIRAMA,4:03:07,17418
Berlin,2019,DHANDY SETIABUDI,5:47:49,29836
Berlin,2019,ARIEF SETIYAWAN,6:50:09,30723
Berlin,2019,NINA SETYAWATI,5:51:07,12402
Berlin,2019,AKHMAD SHIDIQ,6:33:24,30680
Berlin,2019,ANGGIA SILALAHI,3:38:57,10067
Berlin,2019,CHOON SIM,4:18:53,20846
Berlin,2019,TIARMA SIMANUNGKALIT,6:05:46,12804
Berlin,2019,MARIATY SINURAT,4:53:20,9190
Berlin,2019,SOEWARDI SISILIA,5:04:03,10139
Berlin,2019,IENDRA SISKA,4:34:31,7427
Berlin,2019,ACHMAD SJAMSUDIN,5:44:35,29713
Berlin,2019,AILIY SOEGIMIN,5:47:36,12292
Berlin,2019,SANDRA SOEMANTO,5:30:44,11613
Berlin,2019,IVONNE SOENJOTO,4:52:12,9092
Berlin,2019,ARDIAN STEFANUS,5:39:57,29515
Berlin,2019,LISAN SUBAGIO,4:45:53,8462
Berlin,2019,EDY SUBAKTI,5:48:26,29857
Berlin,2019,DAVID SUBARI,6:14:32,30467
Berlin,2019,ROSALINDA SUCIADI,5:15:27,10836
Berlin,2019,BAMBANG SUDIYANTO,4:44:10,25132
Berlin,2019,DINNE SUDRAJAT,5:53:40,12492
Berlin,2019,YIMMY SUGIANTO,5:22:43,28707
Berlin,2019,DHANY SUGIRIN,5:54:24,30045
Berlin,2019,RIZATUZ SUGIRIN,5:54:17,12510
Berlin,2019,ANDREAS SUKOWIJOYO,5:10:49,27943
Berlin,2019,DEDI SULTHONUDDIN,4:44:51,25231
Berlin,2019,PUTU SUMADI,5:14:17,10767
Berlin,2019,STEFANUS SUNARJA,5:03:49,27437
Berlin,2019,SOETRISNO SUNG,6:50:46,30726
Berlin,2019,SURIANI SUNG,5:15:45,10856
Berlin,2019,FERRY SUPARMAN,4:30:08,23092
Berlin,2019,SURATNO SURATNO,4:55:01,26532
Berlin,2019,TJAN SURIADINATA,4:52:28,26218
Berlin,2019,KELVIN SURIJAN,5:45:00,29735
Berlin,2019,IVAN SURYA,6:03:52,30274
Berlin,2019,NURSYAMSI SURYA,6:02:29,12729
Berlin,2019,WILLIAM SURYADI,4:56:09,26668
Berlin,2019,SRI SUSANTI,4:56:00,9482
Berlin,2019,FUDI SUSANTO,3:52:45,14051
Berlin,2019,SUSANTO SUSANTO,5:22:58,28723
Berlin,2019,ELLEN SUSANTY,5:44:30,12176
Berlin,2019,EKA SUTANTO,4:52:15,26190
Berlin,2019,DARSONO SUTARMAN,4:04:01,17622
Berlin,2019,THIO SUTEKNO,4:08:31,18618
Berlin,2019,HANDITA SUTOYO,4:17:33,20564
Berlin,2019,MAYA SUWANDONO,5:15:17,10829
Berlin,2019,MUHAMMAD SYAFEI,5:19:29,28512
Berlin,2019,HABIB TAGAFI,4:09:49,18907
Berlin,2019,HUDA TANJUNG,5:07:52,27728
Berlin,2019,MINKE TANZINO,5:51:45,29954
Berlin,2019,NILA TARIGAN,5:46:35,12266
Berlin,2019,ROBIN TEDDY,4:44:41,25208
Berlin,2019,FREDY PRASETYO,4:19:33,21013
Berlin,2019,JHONNY DORAN,4:52:05,26169
Berlin,2019,ANDI ILAHI,6:37:01,30698
Berlin,2019,HANDOKO THE,4:57:40,26870
Berlin,2019,MELINA TIO,5:19:39,11028
Berlin,2019,ANIE TIRTONO,4:38:13,7779
Berlin,2019,FLORENTIA TISILA,4:37:51,7753
Berlin,2019,AMELIA TJANDRA,4:31:01,7070
Berlin,2019,BILLY TJANDRA,6:36:35,30697
Berlin,2019,IWAN TJHANG,4:31:55,23372
Berlin,2019,BUI TJHIN,3:21:21,5703
Berlin,2019,JIMMY TJIAWI,4:31:40,23339
Berlin,2019,EDI TJOENG,4:24:10,21936
Berlin,2019,DIPA SENA,4:37:18,24199
Berlin,2019,WIWIEK TRISOECIANTY,4:20:00,5817
Berlin,2019,NUGRAHA TRIYUDANTA,5:42:03,29592
Berlin,2019,SU TSHANG,6:33:04,13177
Berlin,2019,SUHESTI TUGIMAN,5:44:23,12163
Berlin,2019,IRWAN USMAN,5:42:41,29626
Berlin,2019,GRIFFIN VALENTINUS,4:11:06,19199
Berlin,2019,ABDUL WAHAB,5:43:07,29639
Berlin,2019,MOHAMAD WAHYUDI,5:44:51,29725
Berlin,2019,SENTANU WAHYUDI,4:01:09,17025
Berlin,2019,ASTARI WALIDIN,6:19:20,13034
Berlin,2019,SRIREZEKI WARNAEN,6:29:34,13141
Berlin,2019,SUWARDJON WARTONO,5:05:41,27581
Berlin,2019,NUR WELLY,5:49:18,29882
Berlin,2019,INDRIA WIBISANA,6:26:12,13105
Berlin,2019,ONNY WIBISONO,5:30:06,29106
Berlin,2019,SUNARDI WIBISONO,5:21:58,28672
Berlin,2019,ERI WIBOWO,6:21:46,13065
Berlin,2019,YUDHIE WIBOWO,5:56:38,30101
Berlin,2019,M WIDIARMA,4:28:38,22812
Berlin,2019,HANDIK WIDIARTA,4:04:16,17694
Berlin,2019,HENDRI WIDIARTA,4:42:33,24943
Berlin,2019,ANTHONNY WIDJAJA,4:48:39,25722
Berlin,2019,DICKIE WIDJAJA,5:05:07,27541
Berlin,2019,RICCY WIDJAJA,4:54:15,26445
Berlin,2019,WILLY WIDJAJA,3:58:39,16121
Berlin,2019,HIZKIA WIJAYA,5:26:23,28925
Berlin,2019,LEONARTA WIJAYA,4:45:14,25281
Berlin,2019,RIKI WIJAYA,3:49:42,2385
Berlin,2019,IGNATIUS WILLIAMS,3:57:05,15480
Berlin,2019,WINNY WINDIARINI,6:23:05,13077
Berlin,2019,RYAN WIRASASMITA,3:56:15,15194
Berlin,2019,DEVIN WIRAWAN,3:56:56,15438
Berlin,2019,ARI WISATAWATI,5:14:13,10763
Berlin,2019,NEGGIE WIWAHA,6:19:05,30527
Berlin,2019,KARTIKA WOHON,5:53:02,12469
Berlin,2019,ELIZABETH WULANDARI,5:26:59,11423
Berlin,2019,BENNY YAHYA,4:35:44,23981
Berlin,2019,HERY YAHYA,5:31:27,29168
Berlin,2019,SUTOTO YAKOBUS,4:28:19,22752
Berlin,2019,KHE YANI,3:51:53,2609
Berlin,2019,YENNA YENNA,4:57:23,9624
Berlin,2019,PAULUS YOESOEF,4:55:24,26578
Berlin,2019,TENGKU YULIAN,5:17:31,28380
Berlin,2019,EKO YULIANTO,5:33:34,29249
Berlin,2019,WIDIARTI YUWONO,4:28:11,6727
Berlin,2019,TITUS KS,4:47:57,25634
Berlin,2019,EILEEN ZEN,5:30:28,11596
Berlin,2019,FICKRY ZOELFISYAHRIN,5:16:45,28342
Berlin,2021,QASHASH AFIMANYA,5:02:33,4623
Berlin,2021,MUHAMMAD ALIM,4:37:26,12138
Berlin,2021,REZA ARIEF,5:24:23,15342
Berlin,2021,KENNY KOMALA,3:37:29,4509
Berlin,2021,TRUDY ALLO,5:17:21,5126
Berlin,2021,DANIEL MANANTA,4:01:55,8049
Berlin,2021,SETIA NUGRAHA,4:24:47,10778
Berlin,2021,NOVA NUZERA,5:07:58,14574
Berlin,2021,WALDORF PASADAROHA,6:39:27,16689
Berlin,2021,DANDY PUTRA,4:28:08,11184
Berlin,2021,RIO PUTRA,6:24:36,16616
Berlin,2021,RIZKY RAHMADHANY,5:47:37,16080
Berlin,2021,ADRIEL SANTOSO,6:20:33,16597
Berlin,2021,BOBBY SAPUTRA,4:38:33,12241
Berlin,2021,CHANDRASA SEDYALEKSANA,5:16:37,14997
Berlin,2021,ALEXANDER SUTEDJA,3:59:30,7725
Berlin,2022,IRNAN ACHDA,4:38:30,18033
Berlin,2022,YAN ACHDIANSYAH,5:09:02,20707
Berlin,2022,FAJAR ADHIYAT,4:40:06,18220
Berlin,2022,RYARDNA ADREANSYAH,4:21:58,15913
Berlin,2022,RACHMAT AHADIJAT,6:45:13,23197
Berlin,2022,SULASTRI AHMAD,4:38:03,6771
Berlin,2022,AULIA AKBAR,5:38:00,22089
Berlin,2022,AFFAN ALAMUDI,6:00:52,22787
Berlin,2022,ANITA ALI,4:16:54,4847
Berlin,2022,MUHAMMAD ALIM,4:32:56,17420
Berlin,2022,ANDI ALISJAHBANA,5:22:18,21419
Berlin,2022,PITO RISYAH,3:25:08,5463
Berlin,2022,YOVITA ANANTA,5:42:32,10386
Berlin,2022,AGUNG ANDRIAN,4:54:26,19643
Berlin,2022,LUCKY ANGGADIKUSUMAH,5:09:28,20732
Berlin,2022,KEVIN ANGGARA,3:57:09,11797
Berlin,2022,DEVI ANSYAH,4:28:10,16796
Berlin,2022,AMIRA ANWAR,6:53:30,11471
Berlin,2022,RULLY ARDIANTO,4:09:42,14072
Berlin,2022,I ARTA,4:54:36,19663
Berlin,2022,DAVID ASALI,5:16:22,21120
Berlin,2022,RUSLY ASKAR,4:08:15,13844
Berlin,2022,AHMAD ASSEGAF,4:35:25,17695
Berlin,2022,YULIA ASTUTI,5:21:01,9573
Berlin,2022,WIDDI ASWINDI,5:25:41,21596
Berlin,2022,IRAWAN ATMOSUDIRO,5:09:52,20757
Berlin,2022,FAHRIL BAHARUDDIN,3:34:18,7231
Berlin,2022,CITRA TUNGGA,5:00:41,8516
Berlin,2022,GIANIE BUDSTAMAM,6:22:39,11288
Berlin,2022,CISYELYA BUNYAMIN,6:12:08,11134
Berlin,2022,FRANSISCA CAHYONO,6:08:29,11066
Berlin,2022,YOAN CATHERINA,4:35:36,6574
Berlin,2022,HENNY CHAN,6:00:55,10922
Berlin,2022,ADELINAH CHANDRARAHARDJA,6:11:42,11128
Berlin,2022,ADRYANSYAH CHANIAGO,3:47:39,9698
Berlin,2022,KURNIA CHENDANA,4:31:07,17211
Berlin,2022,DELANO CHRISTOVEL,5:55:44,22657
Berlin,2022,MARIA CLARISSA,5:09:24,9001
Berlin,2022,MELLIA DAHMIN,5:49:14,10586
Berlin,2022,DAMAYANTI DAMAYANTI,6:41:55,11430
Berlin,2022,DENI DAMAYANTO,4:25:48,16425
Berlin,2022,CANTYO DANNIS,4:27:04,16615
Berlin,2022,ADI DARMAPUTRA,5:18:28,21223
Berlin,2022,TAUFAN DARUSSALAM,4:02:16,12935
Berlin,2022,NOOR DEVI,6:25:02,11304
Berlin,2022,AGUS DHARYANTO,5:37:34,22078
Berlin,2022,HENDY DJAUW,3:51:53,10560
Berlin,2022,BUDIANTO DJOHAN,4:40:31,18266
Berlin,2022,YULIANA DORRIS,5:19:55,9523
Berlin,2022,SUHADI DWIJOMARTONO,6:01:20,22797
Berlin,2022,NATHANAEL EDRIC,4:09:31,14044
Berlin,2022,ELLIS CARSO,5:21:00,9572
Berlin,2022,RIZTA FALAK,5:43:10,10406
Berlin,2022,AULIA FARSI,6:21:34,23068
Berlin,2022,HERU FATHUROHMAN,4:56:11,19808
Berlin,2022,FEBRIANTO FEBRIANTO,4:26:55,16595
Berlin,2022,ANTHONY FERNANDO,4:54:36,19664
Berlin,2022,FERRY FERRY,3:38:04,7897
Berlin,2022,GITA FITRI,4:57:07,8286
Berlin,2022,NOVRITA FITRI,4:50:11,7724
Berlin,2022,DANAN FOSSARUS,6:35:23,23153
Berlin,2022,ROSALINA FRANSISCA,4:13:08,4548
Berlin,2022,MAULANA GHITA,4:26:50,16579
Berlin,2022,AGUSTA GINKA,5:28:30,21727
Berlin,2022,DANIEL GIOVANNI,4:00:00,12560
Berlin,2022,STEPHANIUS GOENAWAN,6:19:34,23052
Berlin,2022,HELEN GULTOM,4:55:22,8141
Berlin,2022,ARIF GUNAWAN,4:54:02,19608
Berlin,2022,DWI GUNAWAN,4:17:48,15277
Berlin,2022,WIKA KURNIA,4:40:04,6944
Berlin,2022,HAMZAH HAMZAH,5:27:02,21667
Berlin,2022,BENNY HANARA,4:50:31,19262
Berlin,2022,IHSAN HANIF,4:06:33,13580
Berlin,2022,HANSEN HANSEN,3:18:07,4358
Berlin,2022,WEDO HARDJANTO,6:41:54,23184
Berlin,2022,ALBERT SOEJONO,4:05:31,13422
Berlin,2022,DAHNIAR HARINYOTO,3:52:16,10628
Berlin,2022,JOSEPH HARTANTO,4:53:35,19567
Berlin,2022,FERY HARTONO,4:42:20,18449
Berlin,2022,HASANUDDIN HASANUDDIN,5:49:37,22474
Berlin,2022,ALDWIN HENDRADI,3:09:57,3222
Berlin,2022,HENLI HENLI,4:53:13,19526
Berlin,2022,TITO HIDAYATULLAH,5:00:57,20236
Berlin,2022,INDRIATI HUSADA,5:40:48,10339
Berlin,2022,RIDHANIA HUTAGALUNG,4:53:35,8006
Berlin,2022,THAMAR HUTAPEA,6:44:49,11444
Berlin,2022,DWI IHSAN,4:23:16,16074
Berlin,2022,INE INDRIANI,5:22:23,9635
Berlin,2022,JOHN JAUW,4:38:37,18038
Berlin,2022,FAIZIN KADNI,4:25:50,16431
Berlin,2022,DIANA KAHAR,5:20:53,9565
Berlin,2022,ANDRE KAPRINA,3:43:23,8868
Berlin,2022,CHRISTOPHER KAPUANGAN,4:52:33,19455
Berlin,2022,IRADANI KATALIA,5:23:02,9663
Berlin,2022,MOKHAMMAD KRISMARA,5:00:17,20202
Berlin,2022,HASTO KRISTIYONO,5:17:52,21201
Berlin,2022,ALEXANDER KUNTORO,4:16:53,15159
Berlin,2022,ALEXANDER KURNIAWAN,4:31:14,17230
Berlin,2022,HENGKIE KURNIAWAN,3:49:16,10043
Berlin,2022,TRUDY ALLO,4:39:22,6881
Berlin,2022,RUSYANTO LAKSONO,5:25:45,21601
Berlin,2022,VELISIA LANGELO,5:16:42,9352
Berlin,2022,RIANA LASTARI,4:22:08,5340
Berlin,2022,NANCY LATIEF,6:51:41,11467
Berlin,2022,TEDDY LEGI,4:48:38,19074
Berlin,2022,YUANITA LEKSONO,5:05:29,8796
Berlin,2022,MIRA LIEM,4:28:51,5949
Berlin,2022,LINDA LINDA,3:59:38,3390
Berlin,2022,FIFIANTY LISMANTO,4:50:44,7756
Berlin,2022,VERONIKA LOUIS,5:51:43,10672
Berlin,2022,INDIRA MAHARANI,5:44:05,10433
Berlin,2022,YUSZAK MAHYA,5:21:32,21370
Berlin,2022,MESYA MANDAWI,5:40:18,10322
Berlin,2022,MARDIYANTO MARDIYANTO,3:21:39,4913
Berlin,2022,NENY MARIANI,4:52:51,7942
Berlin,2022,REA MARKIS,4:52:42,19477
Berlin,2022,LUSIANA MASTRIARTI,5:31:58,10008
Berlin,2022,CUT MAURISSA,4:51:15,7815
Berlin,2022,DEANDRA MAYNANDA,5:54:36,10752
Berlin,2022,FARDHUZI PUTRA,4:52:31,19450
Berlin,2022,LORA METALIZA,5:49:13,10585
Berlin,2022,MILDA MICHELLY,5:53:28,10727
Berlin,2022,TIMOTHY MINTARGO,5:09:24,20730
Berlin,2022,ANDI ARDAN,5:00:47,20225
Berlin,2022,RIANA MONTISANO,4:27:11,5793
Berlin,2022,YOSHAN MUHAMMAD,4:41:35,18374
Berlin,2022,ANDRI RIAD,4:58:36,20036
Berlin,2022,BENY MULJADI,5:03:45,20387
Berlin,2022,EVAN MULYANA,5:15:49,21080
Berlin,2022,RAHMAT MULYANA,4:33:21,17470
Berlin,2022,SEREVINA NAIBAHO,3:59:43,3402
Berlin,2022,NOFRIYON NASIR,6:12:05,22964
Berlin,2022,KEVIN NASUTION,3:50:43,2459
Berlin,2022,DJUERWIN NETSEN,4:44:24,18659
Berlin,2022,NOVIATI NG,4:43:47,7239
Berlin,2022,VEMBI NOVERLI,6:30:00,23110
Berlin,2022,JOHAN NUGRAHA,4:52:37,19466
Berlin,2022,SETIA NUGRAHA,3:16:25,4116
Berlin,2022,ARY NUGROHO,5:21:01,21347
Berlin,2022,DIKKI NURAHMAN,4:49:00,19122
Berlin,2022,MAULINDA NURINDAH,5:50:49,10642
Berlin,2022,IRZA NURMAL,5:50:55,22508
Berlin,2022,RAMA NUSANTARA,5:05:52,20500
Berlin,2022,NOVA NUZERA,5:58:10,22733
Berlin,2022,ANDRY OCTAVIANUS,4:29:49,17066
Berlin,2022,RIZKY OKTABRIYADI,3:54:43,11167
Berlin,2022,BERLIANA PANGARIBUAN,4:41:13,7039
Berlin,2022,DIAN PARAMITA,6:15:04,11186
Berlin,2022,HENDRI PARDEDE,3:34:54,7316
Berlin,2022,BAGUS PERMANA,4:54:03,19614
Berlin,2022,AZSAR PRANANDA,4:04:16,13237
Berlin,2022,NICHOLAUS PRASETYA,3:17:51,4315
Berlin,2022,MEIRINA PRATITA,5:31:34,9989
Berlin,2022,PINARDI PRIAMBODO,6:36:44,23158
Berlin,2022,EKO PURNAMA,4:03:41,13170
Berlin,2022,SRI PURNAMA,6:17:07,11214
Berlin,2022,ICHSAN RACHMADI,5:59:38,22769
Berlin,2022,ARIEF RACHMATTULLOH,5:21:01,21346
Berlin,2022,KETUT RAHAYU,4:44:22,7291
Berlin,2022,TEDDY RAHMANTO,5:13:17,20956
Berlin,2022,ABD RAMLI,4:24:21,16236
Berlin,2022,BENNY RIADI,4:19:49,15592
Berlin,2022,EDWINA RIANTI,6:05:37,11020
Berlin,2022,UMI RINASARI,5:01:00,8535
Berlin,2022,RANI RIYANTO,4:54:15,8059
Berlin,2022,MUHAMMAD RIZAL,4:43:52,18597
Berlin,2022,ALEXANDRA SACHLAN,5:57:08,22703
Berlin,2022,AMALIA SAFITRI,5:32:49,10035
Berlin,2022,PRAMAYUDA SALEH,5:36:43,22051
Berlin,2022,EMIL SALIM,4:30:05,17099
Berlin,2022,USMAN SALIM,4:15:04,14931
Berlin,2022,GIGIH SAMUDERA,3:09:58,3226
Berlin,2022,DINDA HASTO,5:30:57,9971
Berlin,2022,WISNU SANTOSO,5:00:14,20198
Berlin,2022,ANDI SAPUTRA,4:38:45,18057
Berlin,2022,BOBBY SAPUTRA,4:05:09,13355
Berlin,2022,NURITA SITIO,5:36:22,10178
Berlin,2022,DEVI SARASWATI,6:34:20,11389
Berlin,2022,SYLVIA SARDY,5:36:26,10180
Berlin,2022,INDAH SARI,5:20:08,9535
Berlin,2022,CHANDRASA SEDYALEKSANA,5:14:42,21033
Berlin,2022,WINI SEKARTINI,4:55:49,8171
Berlin,2022,HARDI SETIAWAN,3:56:40,11671
Berlin,2022,TERRY SETYABUDI,5:43:13,22246
Berlin,2022,GHARIZA SETYAWAN,6:56:46,11476
Berlin,2022,HALLEY SIBORO,5:50:58,22510
Berlin,2022,HARRIS SILABAN,4:45:30,18768
Berlin,2022,EBDI SIMAMORA,5:58:09,22731
Berlin,2022,EVELYN SIMANJUNTAK,6:19:02,11245
Berlin,2022,HARLIN SINAGA,4:17:17,15208
Berlin,2022,RAMESHOR SINGH,4:59:30,20134
Berlin,2022,RIRIS SIREGAR,5:54:40,10755
Berlin,2022,REYNOLD SITANGGANG,5:02:12,20302
Berlin,2022,JOAN SOETANDI,5:20:56,9569
Berlin,2022,SISMAWATI SUADI,4:56:45,8260
Berlin,2022,CHRISTIAN SUGIARTO,5:49:38,22475
Berlin,2022,DHANY SUGIRIN,6:16:06,23014
Berlin,2022,RIZATUZ SUGIRIN,6:16:07,11203
Berlin,2022,DOLLARIS SUHADI,5:13:03,9187
Berlin,2022,VERONICA SUHARDI,6:13:32,11156
Berlin,2022,SUHARNOTO SUHARNOTO,5:08:04,20649
Berlin,2022,RAFAEL SUMALI,5:29:42,21778
Berlin,2022,RHEINHARD SUMULE,4:48:51,19109
Berlin,2022,MIRANDA SUNDOJO,4:53:06,7967
Berlin,2022,RICHARD SURYANINGRAT,4:52:46,19482
Berlin,2022,BUDIMAN SUSANTO,5:45:15,22322
Berlin,2022,TRI SUSILOWATI,5:00:59,8531
Berlin,2022,ERWIN SUWENDI,4:02:14,12926
Berlin,2022,SUYOTO SUYOTO,5:53:25,22591
Berlin,2022,WANTI SYAIFULLAH,4:21:55,5316
Berlin,2022,HARYANTO TAN,5:50:51,22505
Berlin,2022,CAROLINE THADATE,4:06:31,3971
Berlin,2022,MARIA TIMOTHY,5:14:18,9251
Berlin,2022,JOHNNY TJHONG,5:21:49,21388
Berlin,2022,BUDIJONO TJONG,3:32:55,7000
Berlin,2022,WEI TJU,5:04:53,8758
Berlin,2022,ASTRID TOAR,4:26:35,5731
Berlin,2022,ARIS UTOMO,5:13:11,20951
Berlin,2022,GINANJAR TRILAKSONO,5:47:20,22404
Berlin,2022,SARAH USMAN,4:01:45,3581
Berlin,2022,SIGIT WAHONO,4:32:44,17399
Berlin,2022,ARINTA WAHYUNINGRUM,5:53:07,10714
Berlin,2022,STENA WAKKARY,4:29:59,6072
Berlin,2022,MARTHA WASITANINGSIH,5:58:14,10863
Berlin,2022,SATYO WIBISONO,4:37:13,17887
Berlin,2022,BOMA WIBOWO,5:17:12,21177
Berlin,2022,ANDRI WICAKSONO,4:30:42,17171
Berlin,2022,ANTONIUS WICAKSONO,4:25:12,16352
Berlin,2022,GEMPUR WIDANSYAH,6:17:05,23023
Berlin,2022,ANDREAS WIDIANTORO,4:28:41,16895
Berlin,2022,MARIA WIDIASUSANTY,5:50:55,10649
Berlin,2022,AIRIN WIDJAJA,6:25:51,11314
Berlin,2022,BARKAH WIDYANTORO,4:45:00,18718
Berlin,2022,GANECA WIDYASTUTI,6:22:51,11290
Berlin,2022,SUGANDA WIHARDJO,4:57:03,19892
Berlin,2022,HERRY WIJAYA,3:38:49,8042
Berlin,2022,WILSON WIJAYA,4:52:29,19444
Berlin,2022,PING YANTI,4:51:47,7854
Berlin,2022,YOPI YOPI,3:18:09,4364
Berlin,2022,ZAKIE YOS,5:31:34,21846
Berlin,2022,SATRIA YUDHA,5:07:07,20592
Berlin,2022,TENGKU YULIAN,4:28:45,16905
Berlin,2022,AHMAD AMIRUDDIN,3:49:48,10158
Berlin,2022,DHANNIE ZAWIR,5:13:02,9186
Berlin,2023,INTAN ABDAMS,6:52:21,42969
Berlin,2023,ARIEN ABDISA,4:30:07,28794
Berlin,2023,IBRAHIM ABDULFATTAH,5:42:01,40244
Berlin,2023,MURTAZA ABDULLAH,4:07:47,22445
Berlin,2023,CAMILLIA ACHMAD,6:04:48,41811
Berlin,2023,FATHIMAH ACHMAD,4:26:01,27681
Berlin,2023,LULYTHA ADHANI,6:41:26,42892
Berlin,2023,MIRANDA ADIANTI,4:32:13,29333
Berlin,2023,YOSEPH ADIATMA,3:58:41,19619
Berlin,2023,FALA ADINDA,6:14:59,42312
Berlin,2023,NAMIRA RAMADINA,4:45:05,32227
Berlin,2023,DINA ADJARADJI,4:54:04,34169
Berlin,2023,KATHARINA AGETHA,6:05:19,41843
Berlin,2023,MARSITO AGUSTINUS,3:47:10,15025
Berlin,2023,SULASTRI AHMAD,6:44:14,42919
Berlin,2023,TAJI DANI,3:58:44,19648
Berlin,2023,PUAN AIFA,5:40:26,40114
Berlin,2023,RIZALDY AKBAR,4:24:09,27130
Berlin,2023,MUHAMMAD ALIM,5:32:30,39422
Berlin,2023,BANGUN ALLO,3:42:36,13470
Berlin,2023,LIA AMALIA,6:07:06,41930
Berlin,2023,NATASHA AMANDA,4:48:00,32873
Berlin,2023,FITRI AMELINA,6:36:51,42839
Berlin,2023,FADCHI AMIZADE,4:30:52,28993
Berlin,2023,RANA ANDARADANTA,5:52:47,41055
Berlin,2023,MIRIAM ANDRETA,4:45:45,32376
Berlin,2023,LENI ANGGRAENI,5:05:24,36144
Berlin,2023,BRIGITA ANGKASA,4:43:37,31904
Berlin,2023,ARINDYA ANINDITA,6:11:12,42144
Berlin,2023,KHAIRIL ANWAR,5:04:10,35975
Berlin,2023,WILLIAM ANWAR,3:33:01,10583
Berlin,2023,HERJUNO ARDHI,4:48:42,33009
Berlin,2023,ADHITYA ARDI,4:02:39,21078
Berlin,2023,TIASTOMO ARDIAN,5:42:09,40262
Berlin,2023,YUDI ARDIANTO,7:10:41,43025
Berlin,2023,MEITI ARIA,6:20:36,42496
Berlin,2023,HANUM ARIFIANI,4:48:34,32977
Berlin,2023,NICHOLAS ARNOLD,4:33:35,29655
Berlin,2023,MAHDI ASEGAFF,4:54:11,34193
Berlin,2023,ASMIN ASMIN,4:17:59,25407
Berlin,2023,SALLY ASTUTI,4:32:11,29323
Berlin,2023,SWASTI ASWAGATI,6:07:59,41971
Berlin,2023,WIDDI ASWINDI,5:41:38,40209
Berlin,2023,LINDA ATMADJA,4:31:17,29100
Berlin,2023,GENIO ATYANTO,4:12:57,23912
Berlin,2023,SHINTA AUGER,6:02:08,41664
Berlin,2023,DICKY SIDIQ,4:45:17,32275
Berlin,2023,IRMA AWALIA,5:27:10,38882
Berlin,2023,RININTHA BACHDER,3:40:09,12708
Berlin,2023,DIANA BAELY,6:48:00,42947
Berlin,2023,CLARISA BAHAR,6:13:48,42265
Berlin,2023,RIYAN BAHARUDIN,4:03:53,21419
Berlin,2023,ZAIFUL BAHRI,3:24:44,7975
Berlin,2023,JUSUF ARBIE,4:31:33,29160
Berlin,2023,BARRY BARRY,4:08:21,22605
Berlin,2023,DEDY BASRI,5:42:39,40304
Berlin,2023,TAN BERRY,5:07:06,36380
Berlin,2023,SITI BESARI,6:29:50,42707
Berlin,2023,PATRIA BIJAKSANA,4:49:22,33177
Berlin,2023,FIFI BONEFACIA,4:09:38,22935
Berlin,2023,PITER BONG,4:18:14,25482
Berlin,2023,LEONARDUS BRAMANTYA,5:16:45,37665
Berlin,2023,NUGROHO BRAMANTYO,4:21:24,26423
Berlin,2023,YOSEF BROZTITO,4:17:28,25253
Berlin,2023,SOFYAN RAHARJO,5:01:39,35625
Berlin,2023,ANTONIUS SATRIA,5:37:40,39890
Berlin,2023,HERLINA BUDIMAN,5:25:20,38659
Berlin,2023,THOMAS BUDIMAN,3:39:17,12428
Berlin,2023,BIMANTARA BUDIMANSYAH,5:16:55,37677
Berlin,2023,OKKI BUDIPRABOWO,4:57:57,34944
Berlin,2023,MARAH NOER,5:14:45,37419
Berlin,2023,BAMBANG CAHYADI,6:04:28,41793
Berlin,2023,VITA CAHYOJATI,5:38:50,40001
Berlin,2023,ENDY CAHYONO,4:24:57,27362
Berlin,2023,CANDRAJI CANDRAJI,5:20:06,38030
Berlin,2023,EVA CAROLINA,4:48:26,32950
Berlin,2023,IRWAN CENDIKIAWAN,3:26:09,8391
Berlin,2023,ELIZA CHANDRA,3:11:45,4997
Berlin,2023,BTARI CHANDRADITYA,5:05:36,36168
Berlin,2023,ADRYANSYAH CHANIAGO,4:54:56,34344
Berlin,2023,FELIX CHARLES,3:44:12,14000
Berlin,2023,DENNY CHIRSTIAN,3:59:12,19893
Berlin,2023,SAYUTI CHOW,4:46:19,32526
Berlin,2023,RIO CHRISTIAN,5:56:33,41334
Berlin,2023,TJAN CHRISTIAN,3:02:36,3534
Berlin,2023,TANSOL CHRISTIANO,3:46:31,14840
Berlin,2023,JOSHUA CHRISTIANTO,3:49:12,15729
Berlin,2023,IIN CHURININ,5:20:27,38072
Berlin,2023,DAMAYANTI DAMAYANTI,6:16:10,42361
Berlin,2023,NURWITA DAMAYANTI,6:44:18,42922
Berlin,2023,JACKY DANIEL,4:15:27,24681
Berlin,2023,NANDA DANISWARA,4:40:03,31094
Berlin,2023,TAN DARMAWAN,5:44:02,40423
Berlin,2023,RISKA DESIANA,6:20:35,42494
Berlin,2023,RAMA DEVARA,4:19:53,25998
Berlin,2023,HARY DEVIANTO,6:20:35,42495
Berlin,2023,TITTO DEVIANTO,6:06:35,41906
Berlin,2023,ADI DEWANTO,5:19:54,38009
Berlin,2023,EVA DEWI,4:51:29,33636
Berlin,2023,NOVI DEWI,3:42:20,13394
Berlin,2023,YULINASARI DEWI,6:46:54,42940
Berlin,2023,KOMANG DHARMA,6:37:18,42845
Berlin,2023,REZA DHARMAWAN,4:51:11,33574
Berlin,2023,DICKY DIAN,6:13:49,42266
Berlin,2023,KENNY DJAENUDIN,3:49:33,15839
Berlin,2023,JONATHAN DJAJADI,3:49:46,15926
Berlin,2023,FARAH DJALAL,4:36:42,30365
Berlin,2023,FI DJAP,6:00:45,41584
Berlin,2023,ANDI DJOEWARSA,6:08:08,41980
Berlin,2023,DOLY DOLY,4:40:33,31220
Berlin,2023,RONY DOSONUGROHO,3:20:38,6964
Berlin,2023,RINA DWIKHARISTI,5:31:35,39335
Berlin,2023,JEANILO SARTONO,4:12:41,23831
Berlin,2023,NATHANAEL EDRIC,4:07:02,22247
Berlin,2023,VERY EKAPUTRA,4:55:50,34505
Berlin,2023,MARDIANA EKAWATI,5:26:04,38747
Berlin,2023,DIMAS ERLANGGA,5:11:01,36943
Berlin,2023,ERWIN ERWIN,4:36:29,30312
Berlin,2023,AMARILIA ESMERALDA,6:26:24,42637
Berlin,2023,WIDYOSENO ESTITOYO,5:21:11,38171
Berlin,2023,VIENDA FAHMY,5:58:19,41428
Berlin,2023,STEYVIA AMIR,4:11:26,23467
Berlin,2023,HAFIZH FAJRI,4:33:49,29702
Berlin,2023,RIZTA FALAK,6:12:25,42200
Berlin,2023,ABID FARADHITAMA,5:08:11,36552
Berlin,2023,AULIA FARSI,6:04:55,41821
Berlin,2023,SOFYAN FATKHUROHMAN,4:55:40,34463
Berlin,2023,ADHISTYA FEBRIANI,5:17:40,37755
Berlin,2023,STANLEY FERDINANDUS,4:46:48,32618
Berlin,2023,ARIF FINATA,4:30:51,28988
Berlin,2023,AUDIE FITRADI,4:28:37,28401
Berlin,2023,DANAN FOSSARUS,6:26:40,42641
Berlin,2023,PANDU GANDHA,3:58:43,19633
Berlin,2023,EDTINE GENSANA,6:27:05,42651
Berlin,2023,BRAHMA GINTING,4:41:44,31500
Berlin,2023,IRZA GITA,6:14:32,42298
Berlin,2023,BRIAN GONDOKUSUMO,3:37:00,11695
Berlin,2023,ANDRIE GOTAMA,5:46:55,40655
Berlin,2023,DEVI GRADINI,5:09:09,36687
Berlin,2023,HENNY GUNAWAN,5:56:19,41315
Berlin,2023,RUSLI GUNTORO,5:11:14,36976
Berlin,2023,IKHSAN HABIBI,5:35:29,39699
Berlin,2023,RETNO HABSHARIE,4:46:15,32509
Berlin,2023,ALINI HAFIZ,4:29:12,28561
Berlin,2023,FARIZ HAKIM,3:43:49,13870
Berlin,2023,BUDI HALIM,3:43:24,13736
Berlin,2023,GUNAWAN HALIM,5:28:44,39060
Berlin,2023,HAMZAH HAMZAH,6:18:16,42428
Berlin,2023,TUT HANDAYANI,5:11:34,37018
Berlin,2023,HANDOKO HANDOKO,5:34:29,39609
Berlin,2023,SHYNTA HANTOGO,5:58:11,41422
Berlin,2023,MOHAMMAD HARAHAP,4:08:51,22727
Berlin,2023,DIMAS HARDIATMO,5:23:35,38464
Berlin,2023,WEDO HARDJANTO,6:16:10,42363
Berlin,2023,ARIO HARSANTO,4:55:45,34487
Berlin,2023,IMELDA HARSONO,5:01:54,35655
Berlin,2023,KURNIAWATI HARSONO,5:42:40,40305
Berlin,2023,FERRY HARTONO,5:12:45,37169
Berlin,2023,AZMI HASAN,6:16:03,42359
Berlin,2023,FELCIA HELENA,5:51:16,40959
Berlin,2023,HELENA HETHARIA,4:31:01,29050
Berlin,2023,MICHAEL HIMAWAN,3:52:50,17061
Berlin,2023,SAHILA ASKAR,5:13:39,37302
Berlin,2023,SUNGKAR HOUTAMA,4:19:28,25883
Berlin,2023,ANDRO HUTABARAT,4:37:48,30622
Berlin,2023,ANDREW ICHWAN,3:20:22,6896
Berlin,2023,JUAN IDAL,5:03:45,35925
Berlin,2023,ALWI IDRUS,4:49:55,33287
Berlin,2023,MUHAMMAD IDRUS,4:48:48,33041
Berlin,2023,INDARSIANTI INDARSIANTI,4:23:44,27029
Berlin,2023,INDRAWATI INDRAWATI,6:26:30,42640
Berlin,2023,SRI INDRIYATI,5:05:53,36206
Berlin,2023,ALQISTHY ININNAWA,5:32:26,39415
Berlin,2023,AFFAN INSA,6:00:53,41591
Berlin,2023,MEGA IRAWAN,5:09:23,36727
Berlin,2023,IRDAD IRDAD,4:46:43,32600
Berlin,2023,ABIYYI IRIANTO,4:22:48,26762
Berlin,2023,EMILIA ISBONO,6:00:52,41589
Berlin,2023,TANIA ISK,4:53:43,34093
Berlin,2023,MAYADEWI ISTYAWARDHANI,6:52:28,42970
Berlin,2023,ANGGIA ITEM,3:55:52,18288
Berlin,2023,RUS IVANA,5:44:32,40463
Berlin,2023,RUDI HENDRAWAN,4:32:51,29471
Berlin,2023,NURUL IZZA,6:33:02,42768
Berlin,2023,FREDY JAP,4:46:03,32458
Berlin,2023,HERBI JAUHARI,5:06:11,36264
Berlin,2023,LIVIA JOEHANA,6:06:28,41898
Berlin,2023,MIKHAEL JOHANES,4:49:45,33249
Berlin,2023,JULITA JULITA,5:18:23,37832
Berlin,2023,INDAH JUNITA,3:48:53,15607
Berlin,2023,DANIEL KADARUSMAN,3:58:00,19264
Berlin,2023,RUBY KARYADI,5:13:39,37300
Berlin,2023,ROY KAWARE,4:26:15,27756
Berlin,2023,KELVIN KELVIN,4:22:14,26631
Berlin,2023,CORINA KOESLIONO,4:22:08,26593
Berlin,2023,ARI KOMARA,4:30:55,29017
Berlin,2023,APEP KOMARNA,5:18:41,37880
Berlin,2023,JILL KOROMPIS,5:26:00,38738
Berlin,2023,REGINA KOROMPIS,4:14:23,24360
Berlin,2023,KOSIM KOSASIH,5:13:37,37297
Berlin,2023,ANASTASIA KRISTIANI,5:07:48,36479
Berlin,2023,DESI KRISTIANI,3:02:01,3450
Berlin,2023,ELIZA KRISTIANI,5:39:40,40069
Berlin,2023,LAURIE KUMALA,3:51:05,16363
Berlin,2023,TYAR PUTRA,5:46:02,40586
Berlin,2023,FERRY KURNIAWAN,3:23:29,7618
Berlin,2023,LUKAS KURNIAWAN,3:45:07,14336
Berlin,2023,DONNI KUSUMA,4:19:51,25986
Berlin,2023,TITA KUSUMANINGRUM,5:13:21,37263
Berlin,2023,ANDINI KUSUMAWARDHANI,5:16:18,37615
Berlin,2023,ONG KWEI,5:01:56,35659
Berlin,2023,RANI LAELASARI,6:33:52,42779
Berlin,2023,AGUS LAHINTA,5:50:55,40925
Berlin,2023,CANNIGIA LALUW,4:57:33,34860
Berlin,2023,ARUNI LARASATI,5:49:52,40860
Berlin,2023,LISANTO LEE,3:06:33,4105
Berlin,2023,LAUW LEO,4:10:19,23149
Berlin,2023,YULIUS LEONARDO,5:23:00,38393
Berlin,2023,ANGGIE LESTARI,5:25:47,38712
Berlin,2023,DESY LESTARI,5:25:46,38710
Berlin,2023,AGUS LIE,4:24:03,27104
Berlin,2023,ALICE LIE,6:06:25,41895
Berlin,2023,DARWIN LIE,4:57:48,34910
Berlin,2023,RIKHA LIEMIYAH,5:06:09,36254
Berlin,2023,LILY LILY,6:20:43,42502
Berlin,2023,DANIEL LIM,3:23:34,7633
Berlin,2023,DAVID LIMANJAYA,3:16:15,5928
Berlin,2023,NG LINDARTO,4:42:47,31726
Berlin,2023,LENNY LINENG,4:25:09,27421
Berlin,2023,ANDIKA LUBIS,4:39:43,31027
Berlin,2023,ANDREAS LUKITA,3:15:46,5821
Berlin,2023,SYANE LUNTUNGAN,4:49:25,33183
Berlin,2023,GUSTI MULYA,5:10:55,36934
Berlin,2023,ADITARA MADJID,4:30:18,28848
Berlin,2023,ADITYA MAHARANI,5:37:53,39910
Berlin,2023,CITRA MAHARANI,6:35:11,42808
Berlin,2023,WINNY MAITRI,5:26:05,38749
Berlin,2023,ADHERAKA MALIK,5:10:30,36877
Berlin,2023,RONAL MANDAGIE,4:05:56,21957
Berlin,2023,HERLIN MANDHASARI,6:46:24,42938
Berlin,2023,ROBERTO MANGUNSONG,3:52:44,17016
Berlin,2023,DARWIN MANURUNG,4:55:37,34455
Berlin,2023,JEFFREY MARDHI,5:08:48,36644
Berlin,2023,HANA FRANSISCA,5:19:52,38005
Berlin,2023,MARIADI MARIADI,3:24:18,7853
Berlin,2023,MAYA MARIANY,4:01:22,20733
Berlin,2023,REA MARKIS,4:39:23,30960
Berlin,2023,DANIEL MARTAHI,4:33:45,29686
Berlin,2023,BERTHA MARTINAULY,5:06:17,36274
Berlin,2023,SAFRIN TUA,5:53:48,41129
Berlin,2023,BAGAS MARWAN,5:30:42,39253
Berlin,2023,SITI MASITOH,4:13:40,24139
Berlin,2023,IVAN MAULANA,5:10:34,36885
Berlin,2023,SANI MAULANA,6:42:48,42906
Berlin,2023,NINDIRA MAYASURI,4:57:16,34792
Berlin,2023,MEGAWATY MEGAWATY,5:48:15,40748
Berlin,2023,SARAS MEIRANE,5:59:35,41520
Berlin,2023,EVALINA MELIALA,4:30:52,29000
Berlin,2023,MELIYANI MELIYANI,5:03:52,35942
Berlin,2023,CHRISTINA MESSAKH,5:38:53,40008
Berlin,2023,ELLY MINIARTI,4:57:51,34922
Berlin,2023,CARMELITA MIRANDA,4:28:18,28309
Berlin,2023,FRANSISCA MIRANINGTYAS,5:43:42,40390
Berlin,2023,AMIR MIRZA,6:20:42,42500
Berlin,2023,FARSYA MIRZA,5:59:38,41529
Berlin,2023,AGNES MUNRO,4:09:40,22955
Berlin,2023,SYAFIQAR NABIL,5:43:32,40374
Berlin,2023,SEREVINA NAIBAHO,4:04:54,21698
Berlin,2023,ANDREAS NANDIWARDHANA,4:20:48,26244
Berlin,2023,DEWI NASRUDDIN,5:35:35,39705
Berlin,2023,CHRISTINA NILAM,5:08:39,36614
Berlin,2023,SOELAIMAN NILAM,5:37:25,39872
Berlin,2023,YANUAR NINGGAR,6:54:08,42978
Berlin,2023,MIRNAWATY RASUL,5:36:54,39819
Berlin,2023,MARCELLUS NOEGROHO,6:58:24,42996
Berlin,2023,TOMY NOPYANSYAH,4:39:44,31033
Berlin,2023,REZA NORMANTINO,5:12:17,37107
Berlin,2023,RIZA NUGRAHA,6:08:46,42023
Berlin,2023,SETIA NUGRAHA,3:09:52,4642
Berlin,2023,ANDONO NUGRAHADI,5:47:25,40697
Berlin,2023,YUDHISTIRO NUGROHO,5:16:26,37631
Berlin,2023,MIRA NURAHMIDAH,4:15:28,24695
Berlin,2023,HAFIDZ NURHADI,6:55:06,42990
Berlin,2023,HALIDA NURINA,4:20:23,26138
Berlin,2023,LUCKY NURRAHMAT,5:48:16,40749
Berlin,2023,NOVA NUZERA,5:41:01,40156
Berlin,2023,RICO NURSINGGIH,3:46:16,14727
Berlin,2023,DANIEL OEN,4:21:15,26373
Berlin,2023,DESY OKTARINA,6:43:01,42907
Berlin,2023,DIANA OKTAVIA,5:42:50,40317
Berlin,2023,FARRY ONGKOWIDJAJA,3:11:29,4952
Berlin,2023,RONNY ONGKOWIJOYO,3:58:28,19497
Berlin,2023,ERIC OTNIELIEM,3:29:30,9527
Berlin,2023,MUHAMMAD PAHLEVI,4:47:57,32862
Berlin,2023,TANIA PALAR,5:31:12,39295
Berlin,2023,TARCISIUS PALAR,4:55:53,34516
Berlin,2023,NOBER PALEBANGAN,3:31:55,10291
Berlin,2023,RIVELINO PALIT,5:21:03,38148
Berlin,2023,MONICA PANDJAITAN,3:55:22,18099
Berlin,2023,PIETER PANJAITAN,5:37:11,39850
Berlin,2023,FILLIS PANORAMA,6:01:05,41609
Berlin,2023,MYRIAM PARAMITA,5:53:42,41121
Berlin,2023,BINTANG PERDANAKUSUMA,3:50:04,16027
Berlin,2023,MUHAMMAD PERKASA,4:16:43,25044
Berlin,2023,WITRIA PERWITASARI,5:50:07,40879
Berlin,2023,DJIU PIN,3:48:34,15507
Berlin,2023,LARAS PINIJI,5:39:53,40080
Berlin,2023,MUHAMMAD BUDIARTO,4:12:20,23725
Berlin,2023,MATTHEW PRADIPTA,4:18:37,25613
Berlin,2023,RENDY PRAKOSO,2:49:47,1567
Berlin,2023,ARIS PRAMNAMTO,5:27:08,38880
Berlin,2023,GIGIH PRAMONO,5:45:43,40559
Berlin,2023,EVIE PRANATAN,6:58:42,42998
Berlin,2023,MALVIN PRANOTO,5:43:39,40386
Berlin,2023,WINDU PRASETIO,5:59:38,41530
Berlin,2023,ASTRID PRASETYA,4:17:34,25288
Berlin,2023,ALOYSIUS PRASETYO,4:29:47,28719
Berlin,2023,TRISNA PRASETYO,5:27:55,38965
Berlin,2023,ANDRIE PRASTANTO,5:45:16,40521
Berlin,2023,DODDY PRATAMA,6:11:58,42174
Berlin,2023,PRAYUDI PRAYUDI,4:50:22,33397
Berlin,2023,ELIUS PRIBADI,3:33:12,10638
Berlin,2023,JEYSON PRIBADI,5:04:41,36047
Berlin,2023,DINNY PRIHATINI,5:09:34,36740
Berlin,2023,FEBRINA PRIMASANTI,4:55:50,34502
Berlin,2023,BERNARDUS PUDJOKUSUMO,3:58:43,19641
Berlin,2023,KONG PUK,5:16:25,37629
Berlin,2023,ARDYAN PULUNGAN,5:21:10,38168
Berlin,2023,PURWANTO PURWANTO,4:08:44,22702
Berlin,2023,AYU PUSPITASARI,4:59:27,35249
Berlin,2023,ETIK PUSPITASARI,4:40:52,31293
Berlin,2023,IMAM PUTRA,3:58:55,19735
Berlin,2023,WAHYU PUTRA,4:25:28,27507
Berlin,2023,ROY PUTRANTO,3:08:46,4459
Berlin,2023,WIDODO PUTRO,4:43:09,31809
Berlin,2023,ICHSAN RACHMADI,5:24:06,38512
Berlin,2023,MUHAMMAD RACHMAT,5:37:42,39892
Berlin,2023,KETUT RAHAYU,4:48:55,33064
Berlin,2023,MARIA RAHAYU,4:30:02,28775
Berlin,2023,TEDDY RAHMANTO,5:04:25,36011
Berlin,2023,RISKA RAHMAWATI,5:24:18,38535
Berlin,2023,BUDHI RAHYONO,4:30:38,28935
Berlin,2023,HENDRIK RAJALI,3:48:10,15360
Berlin,2023,FERRY RAMPENGAN,5:36:55,39825
Berlin,2023,ARDHA RANADIREKSA,3:48:59,15648
Berlin,2023,LUCILA RANI,4:59:38,35284
Berlin,2023,MARIA RARASADHYA,4:38:51,30825
Berlin,2023,ABDUL RAZAK,4:39:12,30898
Berlin,2023,SAKTI REYSAPUTRA,5:55:52,41278
Berlin,2023,HERNIYATI REZEKI,5:14:28,37385
Berlin,2023,VERONIKA RIADI,5:54:49,41199
Berlin,2023,YULIANA RIADI,6:44:49,42927
Berlin,2023,DARWIN RIANTO,5:02:13,35702
Berlin,2023,MARCELINA RIGATI,5:04:27,36014
Berlin,2023,MAYA RIVAI,4:59:27,35248
Berlin,2023,MUHAMMAD RIZAL,5:34:21,39598
Berlin,2023,MUHAMMAD RIZKI,3:59:03,19806
Berlin,2023,IMRAN ROSYADI,4:26:24,27798
Berlin,2023,DINA RUBIANA,4:13:00,23928
Berlin,2023,VERA RUMAMPOUW,4:30:16,28842
Berlin,2023,MARIANNE RUMANTIR,5:16:52,37674
Berlin,2023,AMANDA RUMONDANG,4:36:02,30218
Berlin,2023,ALVIN RUSIANTHO,5:20:07,38033
Berlin,2023,HELMY RUSTANTO,4:41:11,31376
Berlin,2023,IBNU RUSIMA,4:42:05,31568
Berlin,2023,ANDI SADIKIN,4:50:29,33435
Berlin,2023,KARISMA SAFIRA,6:24:33,42598
Berlin,2023,ROMA SAGALA,4:12:12,23687
Berlin,2023,IRSYAD SAHRONI,5:12:02,37079
Berlin,2023,LIZA SAKO,4:46:14,32499
Berlin,2023,PRAMAYUDA SALEH,4:43:40,31916
Berlin,2023,AGUS SALIM,6:43:57,42917
Berlin,2023,MARINA SALIM,5:32:52,39464
Berlin,2023,AARON SALIMUN,4:43:29,31883
Berlin,2023,AFRIANDINI SANDIKA,5:50:55,40927
Berlin,2023,CUT SANDRIA,5:44:30,40462
Berlin,2023,AGUS SANTOSA,4:45:24,32299
Berlin,2023,ADRIAN LESMANA,4:57:45,34902
Berlin,2023,LUCY SAPRI,5:51:17,40961
Berlin,2023,BOBBY SAPUTRA,4:06:12,22021
Berlin,2023,WIDITA SARDJONO,5:12:38,37151
Berlin,2023,FITRI SARI,4:57:56,34941
Berlin,2023,SISKA SASKIA,6:13:36,42252
Berlin,2023,SATRIYA SASONGKO,5:13:19,37254
Berlin,2023,DYAH SAVITRI,5:16:12,37606
Berlin,2023,NATASHA SCHUMACHER,5:30:18,39206
Berlin,2023,CHANDRASA SEDYALEKSANA,6:54:20,42983
Berlin,2023,WINI SEKARTINI,5:08:48,36645
Berlin,2023,PARAMITA SEPTANIA,4:56:05,34548
Berlin,2023,IKHWAL SEPTIAN,4:35:57,30204
Berlin,2023,ELVA SEPTIRULIANA,4:57:43,34896
Berlin,2023,ARDI SETIADHARMA,5:51:43,40992
Berlin,2023,DARMAMULYA SETIADI,4:03:15,21246
Berlin,2023,BAMBANG SETYADJI,5:30:56,39272
Berlin,2023,SUSY SHIN,4:47:56,32861
Berlin,2023,CHRISTINE SIAGIAN,6:06:50,41918
Berlin,2023,JULIWATI SIAGIAN,4:32:28,29384
Berlin,2023,DEWI SIAHAAN,5:20:00,38020
Berlin,2023,NOVA SIAHAAN,4:57:19,34806
Berlin,2023,PAULUS SIAUW,6:05:18,41840
Berlin,2023,TIROY SILITONGA,6:13:54,42271
Berlin,2023,KREPKY SIMANJUNTAK,5:04:20,36000
Berlin,2023,NADIA SINGGIH,4:57:30,34849
Berlin,2023,LANGGA SINTONG,4:40:05,31107
Berlin,2023,VICTOR SIRAIT,5:21:20,38189
Berlin,2023,REGINA SIREGAR,6:12:02,42178
Berlin,2023,SISWADI SISWADI,5:05:56,36218
Berlin,2023,BENNY SITOHANG,5:42:22,40278
Berlin,2023,HERFIYANI SOEDIRO,6:19:34,42469
Berlin,2023,PRETTY SOELAIMAN,5:22:04,38275
Berlin,2023,SANDRA SOEMANTO,5:02:48,35799
Berlin,2023,CLAUDY SOENARSO,4:02:38,21075
Berlin,2023,ANGELINE PUTRI,4:58:09,34981
Berlin,2023,SUNNY SOEWANTO,5:53:36,41112
Berlin,2023,MITCHA SONDAKH,4:47:33,32785
Berlin,2023,QUEENTRY SONDARI,4:24:17,27172
Berlin,2023,BAGAS SRIPURWANDITO,4:13:25,24060
Berlin,2023,RAYMUNDUS STEVEN,5:16:18,37614
Berlin,2023,EDY SUBAKTI,6:16:25,42369
Berlin,2023,ABDULAZIS SUCIPTO,4:28:09,28267
Berlin,2023,SURYO SUDARMADI,4:56:32,34643
Berlin,2023,RACHMAT SUGIANTO,4:18:02,25417
Berlin,2023,ANDI SUGIYANTO,3:26:53,8615
Berlin,2023,ZAID SUGIYANTO,4:43:11,31815
Berlin,2023,SELVYN SUHANTO,6:03:15,41730
Berlin,2023,ADE SUHARDI,4:56:19,34590
Berlin,2023,VERONICA SUHARDI,6:02:55,41710
Berlin,2023,YANNE SUKMAWATI,6:41:15,42891
Berlin,2023,EDWIN SUKRI,4:18:20,25527
Berlin,2023,OLIS SULI,4:17:04,25138
Berlin,2023,MEYDELEINE SULISTIO,4:18:44,25652
Berlin,2023,YULIA SUMENDAP,4:26:15,27759
Berlin,2023,ALDI SUMUWENG,4:05:43,21903
Berlin,2023,HANNY SUNARTO,5:22:12,38292
Berlin,2023,HERDIANI SUNARTO,4:34:45,29926
Berlin,2023,YULIANI SUNARTO,7:08:32,43021
Berlin,2023,INDRA SUNY,6:24:05,42581
Berlin,2023,DEDE SUPRA,3:44:59,14283
Berlin,2023,WILSON SURYAHUSADA,4:04:37,21637
Berlin,2023,DAUD SUSANTO,4:30:57,29022
Berlin,2023,SUSANTO SUSANTO,5:40:44,40141
Berlin,2023,ANTONY SUSILO,3:56:36,18628
Berlin,2023,ROBERTINO SUSILO,5:00:21,35411
Berlin,2023,JOSHUA SUTOJO,3:34:38,11047
Berlin,2023,ANA SUTRIANA,5:25:29,38677
Berlin,2023,FRANSISCA SUYONO,4:18:34,25600
Berlin,2023,SUYOTO SUYOTO,4:57:46,34903
Berlin,2023,NANIEK SWANDAYANI,4:30:16,28844
Berlin,2023,FIRMAN SYAH,4:02:07,20950
Berlin,2023,MUHAMMAD SYAHRUDIN,3:49:47,15929
Berlin,2023,EDWIN SYAHRUZAD,6:34:36,42791
Berlin,2023,ALLAQ SYARIAT,5:57:54,41405
Berlin,2023,FIRMAN TAMBUNAN,4:57:16,34793
Berlin,2023,YULIANA TAMBUNAN,6:04:33,41798
Berlin,2023,SUTADI TAN,4:45:59,32445
Berlin,2023,RUDY TANAGA,5:52:26,41033
Berlin,2023,DEBORA TANOYO,4:21:53,26541
Berlin,2023,REBECCA TANOYO,5:19:55,38012
Berlin,2023,RAZER TANOZA,5:33:03,39485
Berlin,2023,PURWANTO TANTIONO,4:45:42,32362
Berlin,2023,SUHARDI TANUDJAJA,5:48:41,40783
Berlin,2023,SUHERMAN TANUDJAJA,4:38:00,30654
Berlin,2023,ELISA TARIGAN,4:19:05,25750
Berlin,2023,TESSA TESSA,4:35:27,30081
Berlin,2023,ANDREAS THAMRIN,4:41:56,31538
Berlin,2023,BACHTIAR THAMRIN,4:55:25,34421
Berlin,2023,ANIE TIRTONO,4:47:43,32814
Berlin,2023,IRWAN TJAHJADI,5:00:37,35455
Berlin,2023,HARI TJAHJONO,6:29:48,42706
Berlin,2023,ALIYA TJAKRAAMIDJAJA,4:47:42,32811
Berlin,2023,MIN TJONG,5:57:15,41367
Berlin,2023,NODY TJONG,4:11:10,23393
Berlin,2023,MULYADI TJUNG,5:12:51,37187
Berlin,2023,RACHIM TRANGGONO,5:25:17,38650
Berlin,2023,TANYA TRESNASARI,6:35:44,42815
Berlin,2023,YEMMY TRIANA,6:27:54,42668
Berlin,2023,YURIKA TRIANI,5:41:31,40200
Berlin,2023,WAHYU TRIMANTARA,4:32:50,29463
Berlin,2023,ARIE TRINALDIGUNA,3:55:16,18060
Berlin,2023,MARGIE TYAZ,4:48:57,33071
Berlin,2023,MOHAMMAD URFIANTO,4:10:50,23298
Berlin,2023,HANDOKO UTOMO,4:15:18,24644
Berlin,2023,TJOKRO UTOMO,6:02:06,41663
Berlin,2023,RONI VAYAYANG,4:49:18,33166
Berlin,2023,LAKSMI VIDHYANTI,5:37:11,39852
Berlin,2023,ENY WAHYUNI,4:37:15,30500
Berlin,2023,KARAMULLAHU WAJHAHU,5:14:32,37394
Berlin,2023,DARMAWAN WARDHANA,3:29:12,9418
Berlin,2023,WEI WELLYANTO,3:16:27,5971
Berlin,2023,CLAIRE WIBISONO,5:43:39,40384
Berlin,2023,BAGUS WIBOWO,5:33:09,39492
Berlin,2023,HIMAWAN WIBOWO,4:39:42,31021
Berlin,2023,ANTONIUS WICAKSONO,5:05:54,36207
Berlin,2023,ATHENA WIDJAJA,5:50:19,40889
Berlin,2023,EDDY WIDJAJA,3:15:31,5753
Berlin,2023,MAGDALENA WIDJAJA,4:17:59,25406
Berlin,2023,NINI WIDJAJA,6:44:17,42921
Berlin,2023,ANDRE WIDJAJANTO,4:24:59,27372
Berlin,2023,CATI WIDJOJO,5:52:48,41057
Berlin,2023,ARIANI WIDODO,5:11:00,36941
Berlin,2023,ARIE WIJAYA,4:19:21,25841
Berlin,2023,BUDIADJI WIJAYA,4:01:29,20766
Berlin,2023,RUDY WIJAYA,6:17:11,42396
Berlin,2023,GUSTI WINARTA,4:28:36,28396
Berlin,2023,ERISCA WIRAATMADJA,5:30:13,39199
Berlin,2023,RAMA WIRAWAN,5:28:12,38989
Berlin,2023,DARYANTO WITARSA,4:06:50,22190
Berlin,2023,AYUNINGTYAS WULANSARI,5:36:47,39802
Berlin,2023,DEWI YANA,5:13:41,37307
Berlin,2023,NG KHANG,4:57:09,34763
Berlin,2023,FEBRUARINTA YUASTANTI,4:45:59,32444
Berlin,2023,SOFYAN YUDIANTO,4:14:28,24396
Berlin,2023,WASISTO YUDISAPUTRO,4:39:16,30921
Berlin,2023,INDAH YULATIPTA,5:01:35,35611
Berlin,2023,TENGKU YULIAN,5:19:15,37926
Berlin,2023,NORA YULIANI,4:42:44,31716
Berlin,2023,RIDHO YURHAM,3:45:51,14594
Berlin,2023,INDIRA YUSTIKANIA,5:15:22,37501
Berlin,2023,SUZANNA ZAS,6:32:39,42758
Berlin,2023,YOMA ZERRY,4:52:20,33785
Berlin,2023,ABUBAKAR ZUBEIDI,4:19:20,25834
Berlin,2024,FIRDAUS ABBAS,5:15:37,47627
Berlin,2024,MUHAMMAD ABBAS,3:08:24,6085
Berlin,2024,AHMAD ABDAOE,5:38:08,50490
Berlin,2024,DIMAS ABDIRAMA,4:48:58,42295
Berlin,2024,IRSAN RAHMAN,4:15:31,31997
Berlin,2024,IBRAHIM ABDULFATTAH,5:34:36,50098
Berlin,2024,ADRIAN ABHIRAMA,6:09:27,52924
Berlin,2024,ZULKARNAIN ABUBAKAR,4:00:30,26631
Berlin,2024,ARGIA ADHIDHANENDRA,3:25:07,10947
Berlin,2024,ZAKY ADIKTA,4:48:38,42221
Berlin,2024,NURIMAN ADIL,5:59:53,52393
Berlin,2024,ARYONOEGROHO ADIPOETRANTO,6:17:07,53271
Berlin,2024,I ADIPRANA,4:08:06,29280
Berlin,2024,ASTARI ADITYAWATI,5:08:25,46530
Berlin,2024,NORA ADNAN,4:51:44,43000
Berlin,2024,EDDY AGUSSALIM,4:43:24,40816
Berlin,2024,AGUSTIN AGUSTIN,4:39:45,39742
Berlin,2024,ULI AGUSTINA,5:30:58,49715
Berlin,2024,RAFFI AHMAD,6:03:51,52627
Berlin,2024,SULASTRI AHMAD,4:58:53,44831
Berlin,2024,PUAN AIFA,5:22:12,48562
Berlin,2024,RIZALDY AKBAR,4:03:59,27877
Berlin,2024,MUHAMAD IKSAN,5:14:59,47544
Berlin,2024,VIVI ALI,4:57:40,44511
Berlin,2024,MUHAMMAD ALIM,5:37:37,50431
Berlin,2024,CARLA ALISANGIHE,4:33:32,37861
Berlin,2024,ZODICK ALMAGANGGA,6:03:10,52587
Berlin,2024,RACHMAT ARRIF,3:43:13,18087
Berlin,2024,VITA AMANDA,5:30:25,49639
Berlin,2024,HAMDHANI AMIJAYA,5:24:54,48902
Berlin,2024,MUHAMMAD AMIN,4:14:01,31415
Berlin,2024,KHAIRUL AMRI,6:03:32,52604
Berlin,2024,MUFLI ANANDA,6:03:51,52626
Berlin,2024,GISELLA ANASTASIA,4:56:17,44114
Berlin,2024,RANA ANDARADANTA,5:09:12,46659
Berlin,2024,LISA ANDAYANI,5:48:44,51490
Berlin,2024,BINA ANDHIKA,4:12:50,30948
Berlin,2024,JONATHAN ANDIKA,4:57:48,44547
Berlin,2024,MONA ANDRIANI,3:59:17,25977
Berlin,2024,TOMI ANDRIANTO,3:51:47,21851
Berlin,2024,LUMAN ANDY,4:20:01,33486
Berlin,2024,CICILIA ANGGARA,4:53:38,43474
Berlin,2024,ARINDYA ANINDITA,5:54:20,51957
Berlin,2024,FRAYA ANINDITA,4:25:07,35173
Berlin,2024,LUCI ANNAS-KELLY,5:09:56,46776
Berlin,2024,BAGUS ANTORO,3:49:46,20979
Berlin,2024,NURIL ANWAR,4:22:11,34210
Berlin,2024,RATNA ANWAR,5:05:37,46089
Berlin,2024,LAZUARDY YACHYA,5:23:51,48792
Berlin,2024,FAISAL ANZAR,5:54:54,52009
Berlin,2024,IMANUEL APRIEL,3:24:32,10728
Berlin,2024,ABRAHAM ARA,4:13:41,31282
Berlin,2024,KEISA ARACELIA,4:33:36,37881
Berlin,2024,YUDI ARDIANTO,7:00:28,54031
Berlin,2024,REZA ARIEF,5:36:12,50275
Berlin,2024,ABDUL ARIF,6:45:49,53898
Berlin,2024,MUHAMMAD ARIF,3:32:39,14093
Berlin,2024,ARYO ARIOTEDJO,6:43:33,53873
Berlin,2024,FERRY ARITONANG,5:01:16,45326
Berlin,2024,DHANI ARMIADY,4:00:39,26708
Berlin,2024,NURULLAH ARMYTA,5:46:36,51296
Berlin,2024,DONNY ARSAL,4:59:18,44943
Berlin,2024,DEA ARTIKASIH,5:17:17,47874
Berlin,2024,ANANDA ARYAGUNA,3:49:39,20922
Berlin,2024,UMAR ARYO,6:02:20,52543
Berlin,2024,NURULHAQI ASRI,4:55:43,43953
Berlin,2024,DODDY ASTRA,7:58:09,54162
Berlin,2024,YULIA ASTUTI,6:45:23,53894
Berlin,2024,ABI BINANGUN,3:23:25,10340
Berlin,2024,MUHAMAD AUZAR,4:51:34,42960
Berlin,2024,AVILIANI AVILIANI,6:20:50,53398
Berlin,2024,GALUH AYU,4:51:22,42920
Berlin,2024,ADHIYA BADRUDDIN,5:28:17,49369
Berlin,2024,AHMAD BADRUDDIN,6:11:56,53069
Berlin,2024,MIZZEL BADRUDDIN,5:27:19,49234
Berlin,2024,ERFANDI BAHARUDDIN,5:11:09,46982
Berlin,2024,YONGKY BAJA,4:06:23,28671
Berlin,2024,IRNA BAJUMI,4:45:17,41364
Berlin,2024,RAHADIANG BAWONO,5:36:47,50335
Berlin,2024,JELITA BETARIA,4:31:42,37335
Berlin,2024,YUDHA BHAKTI,4:50:43,42752
Berlin,2024,TURFA BHASKARA,5:11:07,46970
Berlin,2024,GERALDO SUSANTO,4:34:18,38096
Berlin,2024,YOHANES BOROSI,5:25:43,49020
Berlin,2024,EKO BRAMANTYO,5:37:18,50388
Berlin,2024,TANIA BUDHI,5:28:15,49361
Berlin,2024,ICHSAN BUDIARSO,5:42:30,50928
Berlin,2024,H BUDIMAN,5:52:44,51828
Berlin,2024,EDBERT BUDIONO,6:05:00,52701
Berlin,2024,DANI NAWAWI,5:28:15,49360
Berlin,2024,SABRINA CAECILIA,6:19:52,53365
Berlin,2024,CARLIE CARLIE,3:20:12,9369
Berlin,2024,WENTIZA CHAIRIA,5:51:00,51686
Berlin,2024,BTARI CHANDRADITYA,4:38:05,39243
Berlin,2024,TJUNG CHIAN,4:15:07,31850
Berlin,2024,JOSHUA CHRISTIANTO,3:27:34,11886
Berlin,2024,EMANUEL CHRISTIANTOKO,6:14:21,53180
Berlin,2024,YENNI CIANG,5:47:55,51417
Berlin,2024,HARDY CIPUTRA,4:07:11,28964
Berlin,2024,EVAN CLEARESTA,4:12:54,30973
Berlin,2024,BERNADETTE CONY,6:29:59,53637
Berlin,2024,BATTA DAMANIK,5:31:38,49791
Berlin,2024,DAMAR DAMARWAHYUDI,3:59:07,25874
Berlin,2024,ESSY DAMAYANTHI,4:51:03,42847
Berlin,2024,CAHAYA DAME,4:53:46,43517
Berlin,2024,ADI DARMAPUTRA,4:43:44,40907
Berlin,2024,HERY DARMAWANDI,6:31:04,53665
Berlin,2024,ANASTANIA DARMOSUTANTO,6:40:45,53840
Berlin,2024,ADRIANTO DARMOYO,4:49:39,42489
Berlin,2024,BUDIONO DARSONO,4:32:50,37662
Berlin,2024,DELLY DARUSMAN,4:46:55,41781
Berlin,2024,ELISKA DEVI,6:42:10,53857
Berlin,2024,CRISTO DEVINCO,6:14:54,53214
Berlin,2024,YUDHA DEWANDRIANTO,4:54:28,43670
Berlin,2024,CHANDRA DEWI,4:27:48,36076
Berlin,2024,DEWI DEWI,4:12:38,30893
Berlin,2024,MARIA DEWI,5:20:11,48290
Berlin,2024,RATNA DEWI,6:49:44,53938
Berlin,2024,RATIH DEWIHANDAJANI,6:58:37,54015
Berlin,2024,SAWITRI DHARMARINI,4:11:20,30412
Berlin,2024,WIRYANTO DHARMAWAN,4:27:20,35919
Berlin,2024,WILLY DINATA,4:21:58,34126
Berlin,2024,ZEFANYA DJULA,3:47:04,19776
Berlin,2024,VINA RUSMIL,5:08:54,46599
Berlin,2024,WIDIYO DWIHARTANTO,6:02:28,52556
Berlin,2024,SUHADI DWIJOMARTONO,6:51:47,53957
Berlin,2024,COKORDA SUSILA,5:14:39,47512
Berlin,2024,PANJI DWIPRAKOSO,3:23:06,10230
Berlin,2024,WANDHA DWIUTARI,4:46:00,41546
Berlin,2024,MUHAMMAD DZAKWAN,5:21:07,48424
Berlin,2024,EFENDI EFENDI,3:29:28,12777
Berlin,2024,YENTO EFENDI,4:21:58,34123
Berlin,2024,GRACE EKARTO,4:07:03,28911
Berlin,2024,PREADI EKARTO,6:09:36,52939
Berlin,2024,RIRIN EKAWATI,5:38:41,50550
Berlin,2024,LAETITIA ELIZABETH,5:46:27,51287
Berlin,2024,ERDI ERDI,5:17:30,47910
Berlin,2024,ANDI ERLANGGA,4:05:52,28501
Berlin,2024,ERICK ERSADA,3:55:25,23636
Berlin,2024,BAYU ERYAWAN,4:42:07,40462
Berlin,2024,RAYNA EVIA,4:12:12,30720
Berlin,2024,RIAN FABIAN,4:12:46,30930
Berlin,2024,ANDI FACINO,5:15:07,47569
Berlin,2024,SAFIRA FADHILAH,4:13:42,31283
Berlin,2024,DESSY FADJRIATY,5:28:29,49390
Berlin,2024,MUHAMMAD FADLI,5:50:38,51644
Berlin,2024,FIQHO FALDERIKO,3:45:01,18953
Berlin,2024,KHARIS FAMBUDI,4:52:05,43084
Berlin,2024,M. FARKHAN,3:49:40,20931
Berlin,2024,AULIA FARSI,6:04:04,52645
Berlin,2024,RUBY FATHZANI,4:45:21,41381
Berlin,2024,FATIMA FATIMA,4:31:05,37145
Berlin,2024,FARIZ FATULLAH,4:53:11,43358
Berlin,2024,IDRUS FAUZI,4:36:36,38760
Berlin,2024,RINA FEBRIANI,5:07:46,46423
Berlin,2024,IRENE FEBRINA,4:51:29,42938
Berlin,2024,FELITA FELITA,5:29:15,49486
Berlin,2024,FERRYTIO FERRYTIO,3:20:32,9459
Berlin,2024,MUHAMMAD FIKRI,3:42:07,17627
Berlin,2024,VANISIA FIRDAYANTI,5:57:15,52179
Berlin,2024,RYAN FIRMAN,5:41:13,50807
Berlin,2024,VERRY FIRMANSYAH,5:46:44,51311
Berlin,2024,MELISA FITRI,6:57:12,54004
Berlin,2024,OTTO FITRIANDY,4:45:23,41392
Berlin,2024,BELLA FLORENTINA,5:47:39,51398
Berlin,2024,DANAN FOSSARUS,6:10:21,52975
Berlin,2024,MARIA FRANSISKA,5:16:12,47723
Berlin,2024,BELLA GARTHINA,4:59:29,44992
Berlin,2024,ANDI PUTRA,5:15:57,47679
Berlin,2024,AHIMSA GAUTAMA,5:13:11,47281
Berlin,2024,YAN GAYO,4:38:13,39297
Berlin,2024,HENDRA GHIFARI,5:25:18,48956
Berlin,2024,SOFIANASARI GHIFARI,5:47:55,51414
Berlin,2024,ERIKA GO,4:40:09,39860
Berlin,2024,ADE GUMILAR,6:23:43,53482
Berlin,2024,BAMBANG GUNAWAN,4:38:09,39273
Berlin,2024,IRENE GUNAWAN,5:53:01,51845
Berlin,2024,DHARMADI GUSANTO,4:34:06,38026
Berlin,2024,IKHSAN HABIBI,4:47:35,41967
Berlin,2024,FIRMAN HADI,3:55:23,23620
Berlin,2024,HAFID HADINATA,6:25:43,53540
Berlin,2024,YULIAN HADROMI,6:02:34,52561
Berlin,2024,WIKA KURNIA,5:44:22,51095
Berlin,2024,FARIZ HAKIM,3:20:33,9463
Berlin,2024,ANTHONY HALIM,4:30:17,36912
Berlin,2024,REAGAN HALIM,4:51:13,42878
Berlin,2024,CRISTINE THEE,5:39:26,50613
Berlin,2024,NORMAN HALIMSETIAWAN,6:03:16,52590
Berlin,2024,NAMIERA HAMIDAH,4:15:42,32051
Berlin,2024,HAMZAH HAMZAH,6:00:47,52443
Berlin,2024,NURFIKHA HANDAYANI,4:57:31,44455
Berlin,2024,ARIEF HANDOKO,7:05:17,54056
Berlin,2024,WIDHI HANDOKO,6:00:36,52434
Berlin,2024,MUHAMMAD HARAHAP,5:24:03,48807
Berlin,2024,NOVI HARAHAP,6:04:50,52693
Berlin,2024,DANNI HARDANI,6:23:46,53484
Berlin,2024,LINA HARDY,4:35:05,38320
Berlin,2024,SURYAMITA HARINDRARI,3:47:03,19773
Berlin,2024,HAZKI HARIOWIBOWO,4:58:56,44841
Berlin,2024,MOHAMMAD HARIYANTO,6:31:25,53671
Berlin,2024,HARJONO HARJONO,4:57:26,44431
Berlin,2024,MEIDITASARI HARTANIAH,5:58:34,52287
Berlin,2024,YULIA HARTANTO,3:53:08,22452
Berlin,2024,AGUNG HARTONO,5:53:22,51869
Berlin,2024,REINALDO HARTONO,6:19:52,53364
Berlin,2024,WAHYU HARUN,7:10:29,54082
Berlin,2024,RAHMAN HARYANTO,5:01:29,45362
Berlin,2024,WINDRA HARYANTO,4:18:57,33138
Berlin,2024,AZMI HASAN,5:55:52,52072
Berlin,2024,LISA HASAN,4:10:54,30257
Berlin,2024,BANI HASTORO,7:00:36,54032
Berlin,2024,BAARY HATMADJA,6:03:52,52629
Berlin,2024,MIMI HAYATI,7:39:19,54148
Berlin,2024,CAHYA HENDRAWAN,4:27:13,35874
Berlin,2024,RIDHAN HERMA,4:45:25,41400
Berlin,2024,BAMBANG HERMANTO,6:05:52,52754
Berlin,2024,ARIANTO HERMAWAN,3:16:57,8345
Berlin,2024,YUSUF HERMAWAN,5:26:37,49139
Berlin,2024,NOVIE HERNAWATI,5:31:42,49796
Berlin,2024,HERLINA HERYANTO,5:37:19,50392
Berlin,2024,MAHYUDIN SALIM,3:58:29,25481
Berlin,2024,MICHELL HIDAYAT,5:11:51,47097
Berlin,2024,NADIM HIDAYAT,5:22:19,48577
Berlin,2024,WILLY HIDAYAT,5:08:01,46470
Berlin,2024,SONDHIAR HITOMARTANOE,4:47:36,41978
Berlin,2024,TEMI HUDOYO,5:19:12,48140
Berlin,2024,YONATAN HUTABARAT,5:29:54,49573
Berlin,2024,RONALD HUTAGALUNG,3:40:46,17114
Berlin,2024,FRISCA HUTAPEA,4:41:57,40408
Berlin,2024,PETER HUTAPEA,3:51:55,21906
Berlin,2024,PHILIP HUTAPEA,3:51:56,21920
Berlin,2024,ROMIDA HUTAPEA,5:54:36,51979
Berlin,2024,ZAHID IBRAHIM,4:29:19,36584
Berlin,2024,KEMAL IDRIS,4:44:25,41082
Berlin,2024,NANCY PARDEDE,5:00:12,45154
Berlin,2024,SRI INDRAYANI,5:54:38,51987
Berlin,2024,IRA INDRIANI,5:37:17,50386
Berlin,2024,TONY INDRIYANTO,5:53:54,51915
Berlin,2024,FACHLUL INFITHAR,5:34:11,50044
Berlin,2024,ALQISTHY ININNAWA,4:31:34,37290
Berlin,2024,AFFAN INSA,4:53:35,43465
Berlin,2024,BAMBANG IRANTO,5:21:43,48506
Berlin,2024,YOGA IRAWAN,5:51:36,51733
Berlin,2024,DIAN IRISKA,4:52:30,43190
Berlin,2024,BHIMA FALIANDRI,3:44:45,18816
Berlin,2024,EMILIA ISBONO,4:58:12,44648
Berlin,2024,UBAIDILLAH MUSMIN,6:03:50,52625
Berlin,2024,TEDDY ISKANDAR,5:55:17,52030
Berlin,2024,SULASTRI ISNO,5:49:32,51553
Berlin,2024,ISNURIANTIN ISNURIANTIN,4:16:07,32208
Berlin,2024,BAMBANG ISTADI,6:05:36,52735
Berlin,2024,AZIZAH ISYATUL,6:26:45,53566
Berlin,2024,HENDRIK JAFAR,5:39:14,50599
Berlin,2024,IBNU JAMIL,4:32:55,37689
Berlin,2024,GERALDINE JANICE,6:13:36,53151
Berlin,2024,NIRINA JANNAH,4:48:08,42108
Berlin,2024,MARIO JANUAR,5:15:51,47667
Berlin,2024,HERBI JAUHARI,3:44:56,18909
Berlin,2024,LIM JAUWPIN,3:30:07,13100
Berlin,2024,HANDY JIE,5:23:44,48773
Berlin,2024,JEFREY JOE,6:19:52,53363
Berlin,2024,PAMELA JOUWENA,4:13:52,31344
Berlin,2024,TENG JULIANTO,3:43:21,18137
Berlin,2024,FRANKLIN JULIANUS,4:44:47,41226
Berlin,2024,ALIYA JULYAN,4:27:02,35810
Berlin,2024,RONALD JUNAIDI,4:46:57,41793
Berlin,2024,HERDIANA JUNJUNAN,4:25:37,35328
Berlin,2024,OLIVIA KABI,6:25:33,53533
Berlin,2024,FAIZIN KADNI,6:09:42,52944
Berlin,2024,ANDI KAHARUDDIN,4:05:41,28441
Berlin,2024,IMMANUELA KALANGIE,6:27:22,53579
Berlin,2024,AMELIANI KAMALUDIN,4:30:33,36998
Berlin,2024,MUHAMMAD KAMIL,4:36:44,38806
Berlin,2024,RATIH KAMPONO,5:51:04,51691
Berlin,2024,EVAN KANTER,4:30:33,37001
Berlin,2024,FERMICO KARAMBUT,5:43:37,51035
Berlin,2024,EDDY KARLI,4:46:22,41637
Berlin,2024,RANDY KARTAWIDJAJA,3:53:05,22434
Berlin,2024,YUNITA KARTINI,6:05:33,52732
Berlin,2024,FADLUN KASAU,6:39:21,53818
Berlin,2024,HOCKY KASIM,4:55:17,43866
Berlin,2024,MUHAMMAD KASIM,4:44:30,41118
Berlin,2024,IRADANI KATALIA,5:13:15,47294
Berlin,2024,YUKI KATO,5:38:00,50475
Berlin,2024,MOHAMMAD KEMAL,5:14:45,47523
Berlin,2024,AHMAD KHASOUGI,5:11:10,46984
Berlin,2024,NUR KHOTIB,5:34:14,50051
Berlin,2024,WILLIEM KOSASIH,4:19:22,33269
Berlin,2024,PRASETYANUGRAHENI KRESHANTI,5:32:11,49841
Berlin,2024,MELIANTHASARI KRISHNAPUTRI,5:09:30,46694
Berlin,2024,BADAI KRISTANTO,4:33:25,37818
Berlin,2024,MELVIN KRISTANTOKUSUMO,3:41:28,17375
Berlin,2024,MOHAMAD KUNCORO,4:12:53,30965
Berlin,2024,DANI KURNIA,4:57:52,44567
Berlin,2024,ANTONIUS KURNIAWAN,6:05:42,52743
Berlin,2024,IAN KURNIAWAN,4:20:17,33570
Berlin,2024,KOE KURNIAWAN,4:05:26,28360
Berlin,2024,RAHMAN KURNIAWAN,7:01:15,54034
Berlin,2024,KUSMININGSIH KUSMININGSIH,5:47:50,51410
Berlin,2024,DANIEL KUSNIADI,3:20:52,9573
Berlin,2024,HERMAN DEWATA,4:46:07,41571
Berlin,2024,DYAH WARDHANI,6:06:46,52805
Berlin,2024,ANISA KUSUMADEWI,6:28:35,53614
Berlin,2024,LISA KUSUMO,6:17:11,53274
Berlin,2024,HANDOYO KWIK,5:26:54,49175
Berlin,2024,LINA LAM,5:09:58,46781
Berlin,2024,LEWI LAWE,5:22:42,48629
Berlin,2024,MELISA LEGAWAPUTRI,3:58:43,25623
Berlin,2024,CHISTINE LEO,5:37:03,50364
Berlin,2024,SANDRA LEO,3:50:11,21145
Berlin,2024,MAUREEN LESMANA,4:14:26,31600
Berlin,2024,FEDERICO LIANDRO,3:52:22,22120
Berlin,2024,KURNIADI LIE,5:37:28,50407
Berlin,2024,MELISA LILISARI,4:53:02,43310
Berlin,2024,LILY LIM,4:42:35,40608
Berlin,2024,ALEXIUS LIMANTARA,5:20:57,48404
Berlin,2024,IRWAN LIMINTONO,4:57:04,44334
Berlin,2024,HEPPYLI LINAULI,6:33:45,53708
Berlin,2024,ERNA LINCIEWATI,4:49:52,42548
Berlin,2024,LINDAWATY LINDAWATY,6:28:28,53610
Berlin,2024,EDWARD LONTOH,3:59:36,26165
Berlin,2024,JACK LONTOH,4:43:40,40884
Berlin,2024,ABDURRAHIM LUBIS,3:31:08,13492
Berlin,2024,IRFAD LUBIS,5:34:46,50118
Berlin,2024,NURRAHMAH LUBIS,5:34:06,50031
Berlin,2024,IVALDI LUKMAN,5:25:16,48952
Berlin,2024,DEDEN SOLIHIN,3:44:38,18759
Berlin,2024,SALLY LUSIA,5:29:58,49582
Berlin,2024,YUSTIKA LUSIANA,6:32:15,53689
Berlin,2024,BENEDIKT MACNAIR,5:00:04,45126
Berlin,2024,PUTU MAHARANI,6:02:25,52552
Berlin,2024,I BUDIARTHA,4:46:57,41790
Berlin,2024,TRYAS MALIAHYARDI,4:40:35,39973
Berlin,2024,ADHERAKA MALIK,4:01:54,27170
Berlin,2024,ROBERTO MANGUNSONG,4:55:04,43808
Berlin,2024,MARCELLA MARCELLA,5:47:23,51369
Berlin,2024,NOVIA MARDESYA,5:49:11,51524
Berlin,2024,DIVENTIA MARDJOHAN,4:57:04,44335
Berlin,2024,KENNY MARGAMULJANA,4:55:22,43883
Berlin,2024,DAME MARGARET,4:22:34,34339
Berlin,2024,ADE MARGARETHA,6:52:03,53961
Berlin,2024,MARIA MARINDA,6:39:14,53817
Berlin,2024,SYLVIA MARISCHA,5:57:25,52194
Berlin,2024,LINDAWATI MARJATI,5:27:38,49281
Berlin,2024,REA MARKIS,4:04:23,28015
Berlin,2024,DASWAR MARPAUNG,6:09:44,52946
Berlin,2024,DHANIKA MARTIFAUZI,5:22:23,48583
Berlin,2024,FARID MARUF,4:43:53,40950
Berlin,2024,RIAN MASIKOME,5:25:13,48940
Berlin,2024,MARTHA MAULIDIA,4:40:59,40089
Berlin,2024,DINI MAULIDYA,5:34:26,50074
Berlin,2024,MELINDA MAUNA,6:01:26,52488
Berlin,2024,TJAHJADI MEDYANTY,5:02:47,45571
Berlin,2024,ELLA MEILIA,6:38:45,53807
Berlin,2024,VIVI MELANI,5:07:03,46320
Berlin,2024,MEMIE MIRADJAJA,3:58:53,25736
Berlin,2024,RITA MIRASARI,6:25:12,53527
Berlin,2024,MUKHAMAD MISBAKHUN,3:45:07,19005
Berlin,2024,MUSAB MOCHAMMAD,5:30:36,49672
Berlin,2024,ASTRID MOCHTARRAM,5:34:54,50130
Berlin,2024,REIDITKA MOEIN,5:25:19,48957
Berlin,2024,MARTINUS MOELIANA,5:16:57,47827
Berlin,2024,INANDA MORA,5:43:36,51034
Berlin,2024,MORISKA MORISKA,5:27:07,49197
Berlin,2024,JULIAN MUHAMAD,5:20:13,48295
Berlin,2024,MUHARDI SYAMSAINI,4:54:43,43730
Berlin,2024,ACHMAD MUHARRAM,4:50:33,42710
Berlin,2024,DJAP MUILIE,5:40:21,50708
Berlin,2024,LISA MULATSARI,4:24:37,35001
Berlin,2024,FACHRUL MULIA,4:57:57,44591
Berlin,2024,MULIADI MULIADI,3:49:28,20837
Berlin,2024,HANDOYO MULIONO,6:26:12,53549
Berlin,2024,AGUNG MULYAWAN,5:00:47,45261
Berlin,2024,ENDANG MURNIATI,5:29:16,49490
Berlin,2024,ANNA MURWATI,6:43:35,53874
Berlin,2024,LACRIMA MUSTIKASARI,4:45:18,41370
Berlin,2024,AHMAD MUSYAFFA,5:46:31,51290
Berlin,2024,ADE MUTIA,4:45:48,41491
Berlin,2024,EVELYN NAINGGOLAN,5:20:54,48398
Berlin,2024,JULVYANNO NANDA,4:07:44,29166
Berlin,2024,ERRYN NANIKO,4:45:36,41442
Berlin,2024,NIXON NAPITUPULU,4:51:01,42833
Berlin,2024,NURKAMA NASMIKO,5:02:27,45505
Berlin,2024,YOLANDA NATASSIA,4:53:04,43324
Berlin,2024,JIMMY NELWAN,3:40:11,16928
Berlin,2024,JUNI NG,3:42:29,17765
Berlin,2024,ADRINA NGGIE,5:42:17,50900
Berlin,2024,DEWI NILASARI,6:28:28,53611
Berlin,2024,REZA NORMANTINO,5:21:41,48503
Berlin,2024,VALENTINA NOVA,5:20:25,48322
Berlin,2024,DWI NOVANTO,4:17:44,32742
Berlin,2024,MAYA NOVIANOKA,4:31:06,37155
Berlin,2024,NIA NOVIHARTI,5:50:30,51636
Berlin,2024,ADITYA NUGRAHA,4:50:51,42787
Berlin,2024,AGUNG NUGRAHA,4:40:53,40056
Berlin,2024,SETIA NUGRAHA,3:24:18,10631
Berlin,2024,HANIF NUGROHO,4:30:12,36883
Berlin,2024,KRISNADI NUGROHO,6:38:46,53808
Berlin,2024,MUHAMMAD NUGROHO,4:40:20,39910
Berlin,2024,VALLERY NUGROHO,6:14:54,53213
Berlin,2024,YUSUF NUGROHO,4:47:40,41990
Berlin,2024,NOVA NUZERA,5:20:06,48277
Berlin,2024,ADE OCTARA,3:25:11,10967
Berlin,2024,IRVAN OCTAVIAN,3:57:44,25001
Berlin,2024,SYOFRAL OKHAMSA,5:57:34,52210
Berlin,2024,JULI OKTARINA,4:49:50,42542
Berlin,2024,ALDRI OLOAN,4:10:45,30212
Berlin,2024,IRMA ORBARENA,7:00:16,54030
Berlin,2024,TANIA PALAR,5:30:26,49642
Berlin,2024,TARCISIUS PALAR,4:41:33,40280
Berlin,2024,WELAN PALILINGAN,5:18:20,48023
Berlin,2024,ANDRIANO PANANGIAN,4:30:40,37028
Berlin,2024,MARIO PANGESTU,4:34:14,38077
Berlin,2024,DIAN PARAMITA,5:48:08,51442
Berlin,2024,ERLY PARDEDE,5:51:22,51715
Berlin,2024,EDWIN PATRIASANI,5:17:41,47935
Berlin,2024,ANTONIUS GUNAWAN,3:32:17,13958
Berlin,2024,DENIS PAULCE,3:40:47,17119
Berlin,2024,NATALIA PENI,5:20:23,48319
Berlin,2024,ARIO PERDANA,4:52:08,43100
Berlin,2024,BUGI PERMANA,3:31:30,13639
Berlin,2024,DANIEL PERMANA,3:48:54,20572
Berlin,2024,ASTRI PERMATASURI,5:22:25,48588
Berlin,2024,RADITYA PRADANA,5:03:50,45747
Berlin,2024,MUHAMMAD BUDIARTO,3:44:27,18676
Berlin,2024,BOY PRAKASA,5:27:43,49293
Berlin,2024,IVAN PRAKOSA,5:16:21,47745
Berlin,2024,MOZA PRAMONO,6:51:18,53953
Berlin,2024,DIADDRA PRAMUDITO,5:51:26,51723
Berlin,2024,LUCIUS PRAMUDYO,4:19:57,33455
Berlin,2024,BUDI PRANATA,4:15:57,32141
Berlin,2024,GERALDI PRANATA,3:19:58,9294
Berlin,2024,HENDRA PRANOTO,5:33:06,49935
Berlin,2024,DEDY PRASATYA,4:31:53,37403
Berlin,2024,WINDU PRASETIO,5:44:23,51098
Berlin,2024,DONI PRASETYO,4:06:07,28583
Berlin,2024,ANANTA PRASTAWA,4:53:40,43489
Berlin,2024,UTAMI PRASTIANA,5:52:01,51767
Berlin,2024,GINANJAR PRATHAMA,4:32:06,37468
Berlin,2024,DHANIS PRAWIRA,5:29:43,49544
Berlin,2024,RIYANTI PRAWIRO,4:57:54,44580
Berlin,2024,PRAYUDI PRAYUDI,3:48:11,20247
Berlin,2024,NINO PRIAMBODO,6:10:23,52978
Berlin,2024,RICARDO PRIBADI,4:47:22,41897
Berlin,2024,LUKY PRIMADANI,4:55:05,43816
Berlin,2024,TIKE PRIMAKARTIKA,7:05:18,54057
Berlin,2024,ALYSHA PRIMASANY,5:49:39,51566
Berlin,2024,IRMA PRIMISANI,5:45:05,51165
Berlin,2024,CANDRA PRIWASNINGRUM,6:20:43,53394
Berlin,2024,FERI PUJIANTO,4:03:30,27722
Berlin,2024,MUHAMMAD PUJIYONO,5:06:13,46187
Berlin,2024,HARRYANTO PURBA,3:34:37,14737
Berlin,2024,HENNY PURNAMA,4:23:28,34648
Berlin,2024,ANDIKO PURNOMO,4:09:32,29780
Berlin,2024,HENNY PURWANTI,4:00:08,26446
Berlin,2024,ZITA PURWANTI,6:13:05,53126
Berlin,2024,ANGGY PUSPASARI,4:39:04,39543
Berlin,2024,MERI PUSPASARI,5:16:59,47836
Berlin,2024,VERIKA PUSPITANDARI,5:35:21,50188
Berlin,2024,CICILIA PUSPITASARI,5:44:38,51120
Berlin,2024,SATRIA PUTERA,5:37:00,50357
Berlin,2024,NIDYA PUTERI,4:55:03,43802
Berlin,2024,OKTIANDA PUTRA,5:00:12,45152
Berlin,2024,ROY PUTRANTO,2:51:58,2564
Berlin,2024,BUNGA PUTRI,4:33:27,37831
Berlin,2024,PRASTI PUTRI,4:33:41,37911
Berlin,2024,NIRLINA QOLBI,6:57:13,54005
Berlin,2024,ANDY RACHMAN,4:51:46,43010
Berlin,2024,ARIEF RACHMATTULLOH,4:22:05,34171
Berlin,2024,BINTANG RACHMAWATI,5:36:15,50281
Berlin,2024,IDA RACHMAWATI,6:42:35,53864
Berlin,2024,ARNAF RADIN,4:53:27,43440
Berlin,2024,KEVIN RAFFERT,4:02:31,27370
Berlin,2024,AJANI RAHADIANY,4:22:42,34374
Berlin,2024,KETUT RAHAYU,4:43:09,40747
Berlin,2024,AFFAN RAHMAN,5:11:19,47018
Berlin,2024,AFFIN RAHMAN,5:11:20,47019
Berlin,2024,FAISAL RAHMAN,5:12:11,47145
Berlin,2024,FARID RAHMAN,6:20:33,53390
Berlin,2024,RADIFAN RAHMAN,4:12:14,30730
Berlin,2024,TEDDY RAHMANTO,5:00:57,45286
Berlin,2024,ARI RAHMASARI,5:45:09,51171
Berlin,2024,ANINDIA RAHMIWATI,5:54:21,51958
Berlin,2024,ANGGIE RAHWANTO,5:42:08,50881
Berlin,2024,IRFAN RAMADHAN,6:01:07,52469
Berlin,2024,MUHAMMAD RAMADHAN,4:13:10,31076
Berlin,2024,DIZA RAMADHONNA,5:32:02,49827
Berlin,2024,JEFRIZAL RAMBE,5:57:34,52211
Berlin,2024,LUCILA RANI,4:50:23,42670
Berlin,2024,FEBRIANI RASTANTY,4:44:49,41231
Berlin,2024,ASHOYA RATAM,7:07:41,54071
Berlin,2024,HENNY RATMIJATI,6:17:19,53280
Berlin,2024,AGATHA RATNASARI,4:41:19,40209
Berlin,2024,CAECILIA RATNAWATI,5:57:58,52239
Berlin,2024,BENNI RAYMOND,5:29:52,49562
Berlin,2024,MICHAEL RENO,3:52:28,22171
Berlin,2024,RISKI RESPATI,6:03:07,52583
Berlin,2024,SAKTI REYSAPUTRA,5:27:14,49212
Berlin,2024,MUHAMMAD REZADI,6:01:21,52481
Berlin,2024,TITI REZEKI,5:44:33,51114
Berlin,2024,ANISA RIANI,4:35:11,38352
Berlin,2024,ALEXANDRA RIDJAB,5:41:33,50838
Berlin,2024,DENIO RIDJAB,6:16:49,53266
Berlin,2024,DERRY RINALDO,4:11:41,30530
Berlin,2024,FETRIZA RINALDY,6:44:51,53886
Berlin,2024,FEBRIANIE RINDENGAN,4:23:14,34558
Berlin,2024,ZACKY RISKAWA,4:47:51,42048
Berlin,2024,ANGGRAINI RITONGA,4:51:14,42885
Berlin,2024,ASHARI RIVAY,3:59:19,25994
Berlin,2024,RATIH RIYANTI,5:42:12,50888
Berlin,2024,ANDI RIZAL,6:16:09,53250
Berlin,2024,MARYCIELA RIZKI,5:36:47,50336
Berlin,2024,NYIMAS TEMINIAR,5:59:54,52396
Berlin,2024,AGUNG RIZKIANSYAH,5:21:10,48431
Berlin,2024,MUHAMMAD RIZWAN,5:58:37,52293
Berlin,2024,JANE ROHO,4:54:57,43779
Berlin,2024,RAY RORIMPANDEY,6:19:33,53353
Berlin,2024,RICHARD ROTTY,5:58:06,52254
Berlin,2024,FAHRIADI HUSAIN,4:28:25,36278
Berlin,2024,NUR RUKIATI,5:58:54,52318
Berlin,2024,DIAN RUSWANDI,6:05:54,52756
Berlin,2024,PRAYUGA RUSYANA,6:20:50,53400
Berlin,2024,RENNY RYANT,5:41:30,50830
Berlin,2024,SABRINA GHANI,4:22:04,34163
Berlin,2024,JUITA SACHMANIANA,5:25:33,48993
Berlin,2024,BUDI SADIKIN,6:03:40,52616
Berlin,2024,KODRATUL SAFTI,5:05:26,46039
Berlin,2024,MONANG SAGALA,6:19:57,53367
Berlin,2024,ELLA SAGITA,5:20:04,48266
Berlin,2024,RUBEN SAHETAPY,4:59:33,45007
Berlin,2024,INDAH SAID,5:21:35,48489
Berlin,2024,BALLET SAKUNTALA,5:11:50,47095
Berlin,2024,SAKURAYUKI SAKURAYUKI,7:17:34,54111
Berlin,2024,SALAMULLAH SALAMULLAH,4:56:53,44281
Berlin,2024,PRAMAYUDA SALEH,4:38:05,39246
Berlin,2024,SITI SALIM,4:50:18,42653
Berlin,2024,ANAQUITA SALSABILA,6:45:23,53893
Berlin,2024,GATOT SAM,7:10:34,54084
Berlin,2024,TANIA SAM,5:04:16,45819
Berlin,2024,CHRISSENA SANTARI,4:55:13,43852
Berlin,2024,NATASHA SANTOSO,5:44:26,51102
Berlin,2024,NOVITA SANTOSO,7:29:09,54135
Berlin,2024,JENNY SANYOTO,4:47:09,41829
Berlin,2024,ADE SAPARDAN,6:01:34,52498
Berlin,2024,ANTHONYA SAPUTERA,5:02:45,45561
Berlin,2024,BOBBY SAPUTRA,3:56:55,24491
Berlin,2024,FAUZAN SAPUTRA,5:21:50,48521
Berlin,2024,IWAN SAPUTRA,4:01:08,26910
Berlin,2024,MUHAMMAD SAPUTRA,3:37:01,15622
Berlin,2024,RIO SAPUTRA,4:14:04,31431
Berlin,2024,KENNETH SARASHADI,6:15:29,53226
Berlin,2024,ELMINDA SARI,5:32:45,49905
Berlin,2024,MAULIDA SARI,5:48:55,51505
Berlin,2024,UCI SARI,5:52:23,51800
Berlin,2024,DJOKO SARWONO,5:33:22,49950
Berlin,2024,RIA SARWONO,5:53:42,51887
Berlin,2024,DWI SASETIA,4:36:58,38888
Berlin,2024,SURYO SASONO,3:57:45,25009
Berlin,2024,MUHAMMAD SATRIA,4:42:12,40500
Berlin,2024,AMALIA SAUSAN,5:21:45,48511
Berlin,2024,RININTA SCHMITT,6:59:21,54025
Berlin,2024,NATASHA SCHUMACHER,5:11:33,47060
Berlin,2024,CHANDRASA SEDYALEKSANA,6:01:33,52493
Berlin,2024,ALVIN SEHONAMIN,4:00:50,26769
Berlin,2024,HENDY SEHONAMIN,4:32:40,37615
Berlin,2024,FELICIA SENDJAJA,4:30:19,36920
Berlin,2024,SESRIWATI SESRIWATI,5:08:20,46518
Berlin,2024,ARDI SETIADHARMA,6:14:44,53202
Berlin,2024,ARYA SETIADHARMA,5:04:49,45920
Berlin,2024,PUTRA SETIAJI,4:19:51,33421
Berlin,2024,BUDI SETIAWAN,5:59:39,52374
Berlin,2024,MARTINUS SETIAWAN,3:35:45,15151
Berlin,2024,ELISABETH SETYANI,3:47:18,19869
Berlin,2024,FARAZIA SHAKURINA,5:58:25,52274
Berlin,2024,SYLVIA SIANANDAR,4:23:06,34517
Berlin,2024,CHRISTIAN SIBORO,5:51:07,51697
Berlin,2024,BAMBANG SIDHARTA,4:21:05,33807
Berlin,2024,ARMAN SIJABAT,4:01:12,26939
Berlin,2024,HENDRIK SILALAHI,5:10:55,46940
Berlin,2024,ULUAN SILALAHI,5:20:54,48396
Berlin,2024,NENENG AMBARWATI,6:34:03,53715
Berlin,2024,REYNOLD SILITONGA,3:55:12,23520
Berlin,2024,RAYNHARD SIMAMORA,5:30:05,49602
Berlin,2024,ANDAR SINAGA,5:36:30,50299
Berlin,2024,ABRAHAM SINATRAWAN,5:24:51,48894
Berlin,2024,SINTA SINTA,4:06:31,28731
Berlin,2024,AKBAR SIPAHUTAR,5:17:34,47917
Berlin,2024,JULIUS SIRAIT,4:18:45,33052
Berlin,2024,ANGKOLA SIREGAR,5:58:55,52320
Berlin,2024,FITRA SITOMPUL,3:55:24,23632
Berlin,2024,ALLEN SITORUS,5:23:14,48713
Berlin,2024,HASYUDA SITURU,4:27:05,35821
Berlin,2024,RINALDY SOEDARJO,4:39:14,39583
Berlin,2024,SOEFIANDI SOEDARMAN,4:38:30,39361
Berlin,2024,WISAKSONO SOEGANDHI,6:09:11,52914
Berlin,2024,LIDIA SOEGIMAN,4:49:04,42325
Berlin,2024,SOEHARDI SOEHARDI,4:03:59,27871
Berlin,2024,SRI SOENARIO,5:15:35,47621
Berlin,2024,ALBERT SOENARJO,3:57:55,25125
Berlin,2024,LILI SOERJANI,5:16:08,47716
Berlin,2024,DANZEL SOERJOHADI,5:06:20,46215
Berlin,2024,ASCLEPIAS SOERJONO,6:23:53,53489
Berlin,2024,MUHAMMAD SOFYANTO,6:41:31,53849
Berlin,2024,LEONARDO SONGINGIRAN,3:51:03,21528
Berlin,2024,HERU SOSROHAMIDJOJO,5:06:58,46310
Berlin,2024,MELISSA STEPHANIE,5:30:05,49600
Berlin,2024,RICHARD STEPHANUS,4:09:59,29939
Berlin,2024,STEVEN STEVEN,6:16:05,53245
Berlin,2024,SISMAWATI SUADI,5:00:59,45292
Berlin,2024,IQBAL SUARDJA,5:03:53,45757
Berlin,2024,I SUBAGA,4:48:22,42155
Berlin,2024,RINA SUBIYAKTO,5:53:24,51872
Berlin,2024,BAMBANG SUDIYANTO,3:40:21,16965
Berlin,2024,PIETER SUDIYANTO,4:46:07,41570
Berlin,2024,RISA SUDRAJAT,4:37:23,39027
Berlin,2024,DHANY SUGIRIN,5:46:45,51312
Berlin,2024,RIZATUZ SUGIRIN,5:41:40,50850
Berlin,2024,DOLLARIS SUHADI,5:37:02,50362
Berlin,2024,ILHAM SUHARDI,5:34:54,50132
Berlin,2024,FARID SUHARJO,5:36:14,50279
Berlin,2024,LEONARD SUHARLI,4:47:33,41955
Berlin,2024,MUHAMMAD SUHARNO,4:59:14,44928
Berlin,2024,YUDHY SUHARNO,4:42:50,40663
Berlin,2024,ANLY SUHERMAN,3:54:41,23239
Berlin,2024,SUTOMO MARTOYO,6:01:26,52487
Berlin,2024,DERIAN SULAIMAN,5:57:30,52201
Berlin,2024,SULISTIAWATY SULISTIAWATY,4:29:34,36679
Berlin,2024,HENY SULISTIYOWATI,5:20:30,48339
Berlin,2024,IMAM SULISTO,4:58:31,44733
Berlin,2024,VIVI SUMANTRI,3:38:00,16014
Berlin,2024,SUDARMINI SUMARSONO,5:56:37,52119
Berlin,2024,BEATRIX SUNUR,5:44:27,51104
Berlin,2024,INDRA SUNY,5:11:01,46954
Berlin,2024,INDRA SURARYO,3:58:57,25778
Berlin,2024,JENNIFER SURJANTO,6:14:40,53199
Berlin,2024,RICCO SURYA,5:37:21,50396
Berlin,2024,JULI SURYANDARI,6:10:50,53005
Berlin,2024,SANDY SURYANTO,3:25:27,11055
Berlin,2024,MELANY SUSANTA,4:33:34,37866
Berlin,2024,ERLINDA SUSANTI,4:48:25,42164
Berlin,2024,SUSANTI SUSANTI,7:14:43,54099
Berlin,2024,AGUS SUSANTO,5:53:04,51850
Berlin,2024,ALI SUSANTO,4:11:26,30437
Berlin,2024,HARTA SUSANTO,3:42:05,17617
Berlin,2024,WENDY SUSANTO,5:10:59,46950
Berlin,2024,STEVANNO SUSIARDJO,4:03:29,27716
Berlin,2024,EMI SUSILOWATI,6:49:55,53941
Berlin,2024,SUSY SUSY,4:45:09,41319
Berlin,2024,DAVID SUTANTO,4:10:22,30084
Berlin,2024,JONI SUTANTO,3:32:43,14118
Berlin,2024,WIJAYA SUTANTO,3:59:51,26301
Berlin,2024,ERIC SUTANTYA,4:15:53,32121
Berlin,2024,SUTARDI SUTARDI,7:14:44,54100
Berlin,2024,MAULANA SUTOWO,3:19:51,9257
Berlin,2024,NANY SUWIGJO,6:00:38,52436
Berlin,2024,MUHAMAD INDRAWAN,4:25:57,35455
Berlin,2024,MUHAMMAD SYAHRUDIN,3:55:27,23653
Berlin,2024,ARTHUR SYAILENDRA,6:49:44,53939
Berlin,2024,LAILY SYAMSIAR,7:46:53,54154
Berlin,2024,ANGELLIA SYLVIA,5:07:48,46433
Berlin,2024,ALI SYOFII,4:14:01,31409
Berlin,2024,HARIS SYUHADA,4:54:56,43775
Berlin,2024,YASRIF TADJOEDIN,5:24:24,48845
Berlin,2024,ASTRID TAMPUBOLON,5:53:58,51918
Berlin,2024,ANDRE TAN,4:32:22,37538
Berlin,2024,DAVIT TAN,4:00:03,26411
Berlin,2024,EDWIN TANANG,3:37:00,15614
Berlin,2024,NIKEN TANITA,6:14:02,53173
Berlin,2024,HARIO TANIUS,4:23:00,34491
Berlin,2024,SYUKRINOV TANJUNG,4:58:40,44768
Berlin,2024,GOUTAM TANTI,3:42:10,17643
Berlin,2024,PURWANTO TANTIONO,5:43:04,50988
Berlin,2024,STEVANUS TANUDHARMA,5:08:13,46498
Berlin,2024,SUHERMAN TANUDJAJA,4:55:14,43854
Berlin,2024,HENDRIAN TJEN,4:56:12,44095
Berlin,2024,DEBBIE TARDIO,5:11:18,47015
Berlin,2024,YANINTA TARIGAN,5:27:43,49292
Berlin,2024,TARSONO TARSONO,5:30:34,49662
Berlin,2024,YOYO TARYO,5:42:21,50906
Berlin,2024,AKHMAD TAUFIQ,3:54:16,23007
Berlin,2024,OCTAVIANUS TEDJOJUWONO,4:59:37,45026
Berlin,2024,YUSUF TENG,5:00:18,45178
Berlin,2024,SJAIFUL THALIB,5:36:03,50264
Berlin,2024,ANDREW THE,6:12:21,53093
Berlin,2024,DENNIS THEJA,3:56:48,24426
Berlin,2024,ANYANTI THESMAN,5:28:03,49344
Berlin,2024,HENY THING,4:52:25,43170
Berlin,2024,MOHAMAD THOYIB,4:09:46,29867
Berlin,2024,PATRISIA TICOALU,4:56:03,44044
Berlin,2024,FELLY TIFANI,5:20:07,48279
Berlin,2024,ANDI TINELLUNG,6:13:20,53140
Berlin,2024,AGUNG TJAHJONO,5:35:50,50245
Berlin,2024,RIFQI TJAHYONO,4:30:49,37071
Berlin,2024,CHRISTOPHER TJANDRA,3:51:58,21934
Berlin,2024,IGNATIUS TJANDRA,3:53:44,22748
Berlin,2024,VERANI TJANDRA,5:11:58,47115
Berlin,2024,HERLINA TJANDRALIEM,5:08:46,46576
Berlin,2024,JENICA TJENDANA,4:25:25,35263
Berlin,2024,JIMMY TJIAWI,4:22:28,34299
Berlin,2024,NOVI TJONG,4:11:39,30519
Berlin,2024,EASTER TOBING,6:33:57,53713
Berlin,2024,MAYA TOBING,5:38:11,50497
Berlin,2024,TONY TONY,4:34:23,38114
Berlin,2024,LEILY TRESNARAHAYU,7:52:43,54159
Berlin,2024,INDRA YUDHANTO,5:59:14,52347
Berlin,2024,MOCHAMAD TRIADY,4:15:54,32126
Berlin,2024,FARADILA TRIANANDA,4:33:55,37982
Berlin,2024,BAIQ TRIARTO,5:51:05,51692
Berlin,2024,ANITA TRISSYA,4:30:25,36958
Berlin,2024,DINDA TRIWIJANARKO,5:33:38,49976
Berlin,2024,SUFYAN TSAURI,5:30:27,49645
Berlin,2024,STEVEN TUMEWU,5:09:47,46747
Berlin,2024,THOENG TUNGADI,3:53:43,22744
Berlin,2024,NUR UDIN,5:17:57,47956
Berlin,2024,AMYRA UNO,5:30:38,49676
Berlin,2024,ANNEESHA UNO,4:38:47,39446
Berlin,2024,SANDIAGA UNO,4:34:17,38092
Berlin,2024,ADELLA USMAN,5:50:01,51596
Berlin,2024,UMAR USMAN,4:15:13,31888
Berlin,2024,FAHRIZA UTAMA,5:59:55,52398
Berlin,2024,ESTI UTAMI,5:51:58,51760
Berlin,2024,MYRTA UTAMI,4:21:06,33810
Berlin,2024,INDERA UTOMO,5:08:20,46521
Berlin,2024,VANNY VIRANGGA,5:53:52,51910
Berlin,2024,JEFTA VITOSOEHARNO,4:55:58,44027
Berlin,2024,ARIFA VITRIYANI,6:03:10,52586
Berlin,2024,RIVELINO VIVEKANANDA,4:34:55,38268
Berlin,2024,YUNIARTO WAGIMAN,4:57:17,44393
Berlin,2024,MOHAMAD WAHYUDI,5:31:29,49775
Berlin,2024,RIO WAHYUDIONO,4:26:34,35672
Berlin,2024,INDAH WAHYUNI,4:57:22,44415
Berlin,2024,RETNO WAHYUNINGSIH,5:32:37,49883
Berlin,2024,JANDI WALELENG,4:02:38,27427
Berlin,2024,SOFIA WANGSADINATA,6:23:50,53488
Berlin,2024,CICI WANITA,4:50:20,42661
Berlin,2024,DAFFA WARDHANA,4:16:20,32269
Berlin,2024,SACHA WATTIMENA,7:14:56,54103
Berlin,2024,DEDY WENTI,4:20:00,33474
Berlin,2024,KRISTY WHANARAHARDJA,5:52:57,51840
Berlin,2024,CHARISMA WIBAWA,5:51:47,51746
Berlin,2024,STEVEN WIBAWA,4:21:45,34041
Berlin,2024,RACHMAN WIBISONO,6:15:51,53237
Berlin,2024,DANIEL WICAKSANA,5:11:13,46995
Berlin,2024,YANA WICAKSANA,5:56:24,52110
Berlin,2024,IMA TAHIR,4:45:17,41366
Berlin,2024,ELIANTO WIDJAJA,5:17:14,47864
Berlin,2024,RUDY WIDJAJA,4:12:55,30981
Berlin,2024,JUSSRI TIANOTAK,6:09:59,52959
Berlin,2024,AKHSAN WIGUNA,5:36:51,50342
Berlin,2024,MURSOSAN WIGUNA,5:40:54,50775
Berlin,2024,ANDY WIJAYA,3:58:15,25314
Berlin,2024,BARYADI WIJAYA,5:40:12,50688
Berlin,2024,JANUAR WIJAYA,5:43:07,50997
Berlin,2024,RIKI WIJAYA,3:27:56,12039
Berlin,2024,BUDIMAN WIKARSA,4:53:11,43359
Berlin,2024,WILLYS WILLYS,3:08:30,6107
Berlin,2024,PUTRI WILMAWARDANI,5:51:25,51721
Berlin,2024,JOSHUA WINARTA,6:18:45,53323
Berlin,2024,ADHITIA WINARTO,5:33:57,50012
Berlin,2024,KENRICK WINATA,5:29:55,49576
Berlin,2024,SADEWA WIRATAMA,6:01:34,52497
Berlin,2024,QUINCY WIRIJA,5:10:34,46889
Berlin,2024,RIYO WISAKSONO,3:55:54,23907
Berlin,2024,YARITA WITOELAR,6:12:27,53099
Berlin,2024,LOTJE WOEHL,5:21:26,48469
Berlin,2024,MUSKITA WONG,4:18:09,32875
Berlin,2024,PUTRI WULANDARI,5:04:08,45796
Berlin,2024,HAIDHAR WURJANTO,5:37:57,50467
Berlin,2024,HARRY XIAO,4:07:30,29086
Berlin,2024,ANTON YAN,6:11:33,53040
Berlin,2024,MEFRI YANNI,5:29:55,49578
Berlin,2024,WURI YANTI,6:39:29,53821
Berlin,2024,HORIAN YAUBAN,4:13:39,31270
Berlin,2024,RICHMOND YONATHAN,5:13:28,47329
Berlin,2024,DODDI YOSHIDA,6:18:52,53325
Berlin,2024,ARSANA YUDISTIRA,5:04:38,45886
Berlin,2024,TENGKU YULIAN,5:18:19,48019
Berlin,2024,RINI YULIYANTI,5:41:14,50808
Berlin,2024,FERLY N,4:22:29,34304
Berlin,2024,YURRY YURRY,5:23:07,48688
Berlin,2024,SHOULI YUSUF,6:01:33,52494
Berlin,2024,JAMES ZAINURDIN,4:17:24,32630
Berlin,2024,LISA ZHANG,4:29:30,36651
Berlin,2024,SUGIANTO ZHANG,4:52:09,43103
London,2015,NELLIE AKILI,6:24:58,36417
London,2015,MICHAEL CUNNINGHAM,3:57:45,13191
London,2015,BENNY HADISURJO,4:52:03,27032
London,2015,HARTANTO NG,4:08:35,16089
London,2015,MELANIE PUTRIA,3:56:21,12668
London,2015,ELLIANAH SETIADY,5:04:04,29475
London,2015,RINA TAMBUNAN,4:41:38,24692
London,2015,INDRA UNO,5:09:30,30277
London,2015,SANDIAGA UNO,4:52:04,27033
London,2015,RICHARD WUTUH,3:54:10,11927
London,2016,ANANDA ARYAGUNA,4:41:38,24760
London,2016,SUNGKONO DERMAWAN,6:00:01,36316
London,2016,RAMADHAN HARAHAP,4:07:17,16045
London,2016,HARMADA HUTAJULU,5:57:01,36073
London,2016,MATIAS IBO,3:48:48,10725
London,2016,HASBI LUBIS,3:58:16,13619
London,2016,LEKA MADIADIPOERA,4:53:46,27594
London,2016,FENNY MEIYANTHI,4:53:08,27441
London,2016,ELVIE RACHMAWATI,5:13:45,31290
London,2016,WILLIAM SHOEMAKER,4:07:00,15960
London,2016,SURYO SUDARMADI,4:26:55,21094
London,2017,FAZIL ALFITRI,4:55:21,26760
London,2017,VIVIN ALVINA,6:28:47,37739
London,2017,AHMAD ASSEGAF,3:48:44,10176
London,2017,GENIO ATYANTO,4:55:15,26736
London,2017,ADRYANSYAH CHANIAGO,3:53:32,11364
London,2017,DANTE HARBUWONO,4:53:14,26247
London,2017,WINDY HARUN,4:51:56,25919
London,2017,PATRICIA HASTUTININGRUM,6:32:29,37859
London,2017,DANA ISWARA,6:25:16,37572
London,2017,FERRY KANGSADJAJA,3:56:50,12319
London,2017,RAHMAT MATONDANG,4:08:01,15083
London,2017,JERRY NG,5:30:34,32990
London,2017,RIZAL PRASETIJO,5:55:26,35656
London,2017,ANDI SAPUTRA,5:52:55,35425
London,2017,SLAMET SUDIJONO,5:02:53,28401
London,2017,DJEMI SUHENDA,6:19:47,37311
London,2017,ANGLING TILARSIH,6:12:56,36940
London,2017,ADRI TRIWITJAHJO,4:58:36,27519
London,2017,STEPHANUS TURANGAN,5:20:24,31513
London,2017,SUTA UTAMA,4:08:30,15186
London,2017,JOHANNES WARDHANA,5:13:39,30354
London,2018,NURKHALISHAH ABDULRAHIM,6:45:21,38250
London,2018,MOHAMAD ADHITIA,3:56:53,8994
London,2018,IRAWAN ATMOSUDIRO,5:18:40,26973
London,2018,LAURENCIA BUDIHARDJO,5:21:18,27606
London,2018,WARSA CHAIDIR,6:35:37,37713
London,2018,RIYANTO CHANDRA,4:53:22,21408
London,2018,ANTHONEUS DJATI,4:14:17,12399
London,2018,RITA DRACHMANN,6:39:18,37937
London,2018,NURLENI FEBRIANA,7:11:46,39299
London,2018,ANDRY HARYANTO,3:48:29,7291
London,2018,FERDI HENDARMAN,6:16:00,36100
London,2018,ADYSTRA HERAYANTO,5:58:28,34086
London,2018,MAULANA INDRAGUNA,4:10:00,11548
London,2018,CHICCO JARUMILLIND,6:16:01,36103
London,2018,LINDA KANDOUW,5:22:26,27853
London,2018,MARAH LAUT,5:49:24,32691
London,2018,DOLLY LESMANA,4:15:57,12743
London,2018,ARIA MANDALA,5:49:38,32726
London,2018,ADE MASNAHUMINA,5:54:35,33494
London,2018,WIDYA MEIDRIANTO,5:58:41,34116
London,2018,NENDEN NENDEN,4:37:22,17542
London,2018,MEDIAS OKTAVIANI,6:10:34,35575
London,2018,DONNA PRIADI,6:13:59,35917
London,2018,YOVIE PRIADI,6:13:59,35916
London,2018,FITRI RAMLI,6:06:30,35100
London,2018,SILVANO RUMANTIR,4:01:35,9983
London,2018,RENITTA RUSMAN,5:50:48,32913
London,2018,RUSNA RUSNA,5:47:40,32435
London,2018,JOSE SATRIA,5:06:26,24429
London,2018,GO HONG,4:23:38,14398
London,2018,ADISATRYA SULISTO,5:38:55,30937
London,2018,ANDRE SUSANTO,4:48:42,20274
London,2018,BUDIYANTO SUSANTO,4:25:11,14751
London,2018,SAN TJEN,4:37:32,17596
London,2018,HENRY USMAN,4:19:20,13506
London,2018,JOHNY USMAN,3:56:04,8792
London,2019,DANI ADRIANANTA,6:37:31,41252
London,2019,SVIDA ALISJAHBANA,5:58:29,38972
London,2019,AHMAD AMIRUDDIN,3:54:01,12719
London,2019,EDOARDUS WINDOE,5:11:40,32539
London,2019,DIDIT ARDYANTO,5:53:58,38518
London,2019,AZIS ARMAND,6:20:20,40448
London,2019,FEBRY ARNOLD,4:25:43,21558
London,2019,JOSHUA ASALI,5:30:15,35609
London,2019,VIVI BONG,5:28:34,35361
London,2019,NADIA BUDIMAN,5:07:09,31713
London,2019,ROBBYANTO BUDIMAN,5:33:42,36085
London,2019,ALICE BUDISATRIJO,4:53:40,28842
London,2019,AL NEGARA,4:18:12,19581
London,2019,SYLVIA CANDRA,5:05:12,31355
London,2019,ADRYANSYAH CHANIAGO,3:31:52,7167
London,2019,NGADIMAN DATI,5:06:11,31516
London,2019,ANAK DEWI,5:42:39,37189
London,2019,LISA DEWI,3:55:59,13366
London,2019,ADE ECHIZENYA,4:43:36,26308
London,2019,MOHD FAISAL,6:14:41,40125
London,2019,RIZTA FALAK,6:13:43,40051
London,2019,FITRIANI FITRIANI,5:27:24,35187
London,2019,MIKUNI GANI,4:20:58,20245
London,2019,ADRIAN GUNADI,5:02:18,30831
London,2019,AGUS GUNAWAN,5:30:39,35660
London,2019,BUDI HALIM,4:39:45,25293
London,2019,JOHANES HANDOKO,5:13:50,32938
London,2019,IRWIN HARPIN,4:59:27,30282
London,2019,SUDI HARSONO,3:53:20,12524
London,2019,MARCELLA HARTONO,6:56:00,41788
London,2019,REZA HARUMAN,5:45:08,37534
London,2019,AYUNINGRUM HARYOKUSUMO,4:50:56,28163
London,2019,SUNGKAR HOUTAMA,5:19:48,33982
London,2019,HADI IRAWAN,4:38:34,24969
London,2019,MOHAMAD IRFAN,6:36:05,41195
London,2019,JULYASARI JULYASARI,5:08:41,32009
London,2019,FAIZIN KADNI,4:16:32,19189
London,2019,FERRY KANGSADJAJA,3:48:15,11064
London,2019,HARRYJANTO LASMANA,5:44:29,37440
London,2019,ANDREW LIMANTO,4:03:08,15705
London,2019,ALEXANDER ERTANTO,4:51:44,28365
London,2019,RIANA MONTISANO,4:49:54,27906
London,2019,RATNA NING,6:07:57,39697
London,2019,MARY OETOMO,6:27:33,40830
London,2019,AKE PANGESTUTI,5:48:25,37902
London,2019,ESTHERANNE PARAPAK,5:27:24,35190
London,2019,WILIANTO POALER,5:44:58,37508
London,2019,NICHOLAUS PRASETYA,3:07:16,3020
London,2019,ARIEF RACHMATTULLOH,4:20:31,20142
London,2019,RYNI RAHMAWATI,6:44:42,41476
London,2019,RIZKY RIZKY,6:55:07,41773
London,2019,ANDRIO SAFIRO,5:31:54,35850
London,2019,ANDI SALEH,5:07:19,31742
London,2019,PISCILA SAMSUDI,5:02:20,30840
London,2019,MELISSA SANTOSO,6:07:56,39696
London,2019,BENYAMIN SAPIIE,5:03:45,31088
London,2019,ANDY SARDJITO,4:15:17,18852
London,2019,CHARLEY SELIANG,4:53:01,28677
London,2019,EDMOND SETIADARMA,7:14:58,42168
London,2019,JAMES SETIAWAN,3:25:13,5692
London,2019,IRMA SETYOWATI,5:55:30,38675
London,2019,ELIZABETH SILALAHI,5:26:54,35106
London,2019,ASMARA SISWANDARI,5:05:07,31345
London,2019,REVI SITOMPUL,7:00:45,41897
London,2019,DANNY SIWU,4:21:02,20270
London,2019,RUBISMO SOEDIONO,5:13:07,32829
London,2019,PRETTY SOELAIMAN,5:13:57,32951
London,2019,HANDY SOETEDJO,7:04:43,41992
London,2019,DIKDIK SUGIHARTO,4:02:21,15500
London,2019,TODDY SUGOTO,3:39:16,8867
London,2019,INDRA SUPRIADI,6:24:21,40671
London,2019,ANNE SUTANTO,7:14:57,42167
London,2019,LAUZA SUTOWO,5:00:10,30425
London,2019,ROSLINA SUTRISNO,6:46:24,41529
London,2019,AGUS TAMIN,4:22:52,20724
London,2019,OCTAVIANUS TEDJOJUWONO,4:58:31,30053
London,2019,ANIE TIRTONO,4:46:28,27025
London,2019,DONNY TJAHYADIKARTA,3:19:31,4702
London,2019,JIN TJOA,3:37:50,8506
London,2019,DENISE TJOKROSAPUTRO,5:38:39,36727
London,2019,RAYENDRA TOBING,5:36:08,36412
London,2019,HANDOKO UTOMO,4:42:25,25981
London,2019,CHRISTIAN WANANDI,5:15:35,33261
London,2019,DICKIE WIDJAJA,5:31:30,35789
London,2019,STEFANUS WIDJAJA,5:58:13,38943
London,2019,PURWANINGSIH WIJI,5:39:28,36825
London,2019,MIFTAHUL YAZID,4:44:09,26442
London,2019,DICKY YORDAN,4:32:34,23456
London,2021,HANETA RONDONUWU,6:24:28,34259
London,2021,ANZRI ZULFIKAR,7:23:33,35543
London,2022,INTAN ABDAMS,7:05:13,39914
London,2022,AMADEUS AHNAN,5:07:42,28960
London,2022,VITA AMANDA,6:07:44,37309
London,2022,DINA ANDINI,6:07:30,37285
London,2022,ANGELINA ANGELINA,4:04:31,13900
London,2022,MARIO ARNAZ,4:05:55,14184
London,2022,NISHA BHAMBHANI,3:51:49,10454
London,2022,ELYTHA BONIVASIA,6:00:34,36687
London,2022,BUDIMAN BUDIMAN,4:12:56,15872
London,2022,MARIA CHANDRA,5:01:52,27825
London,2022,ADRYANSYAH CHANIAGO,4:09:29,15030
London,2022,NALENDRA CHARISMAWAN,3:55:31,11409
London,2022,FELIX CHARLES,3:56:19,11676
London,2022,DENNY CHIRSTIAN,4:27:41,19561
London,2022,ANTHONY CHUI,3:45:54,8975
London,2022,TEDDY DANAS,4:42:19,23143
London,2022,ADI DARMAPUTRA,5:36:22,33755
London,2022,GREGORIUS DERMAWAN,3:36:41,6963
London,2022,SHINTA DEWANTI,6:40:19,39199
London,2022,ERREN DHANIAR,6:53:51,39636
London,2022,PUDJO DJOYO,4:08:57,14886
London,2022,EMIRA ESMERALDA,6:51:40,39576
London,2022,RIZTA FALAK,5:46:09,35065
London,2022,YUSRON FAUZAN,5:10:58,29526
London,2022,NURLENI FEBRIANA,6:05:49,37153
London,2022,ANNY GORAT,3:52:50,10703
London,2022,ANDRIE GOTAMA,5:58:57,36535
London,2022,ANDY GUSENA,4:36:14,21693
London,2022,BUDI HALIM,3:48:28,9572
London,2022,RIZKIATI HAMAMI,6:14:53,37847
London,2022,SHYNTA HANTOGO,6:02:37,36870
London,2022,LINA HARDY,5:19:19,31007
London,2022,JENNY HARTANTO,3:24:45,4747
London,2022,KARTIKA HENDRA,3:45:07,8793
London,2022,NOVIE HERNAWATI,5:51:04,35647
London,2022,SUNGKAR HOUTAMA,4:30:24,20326
London,2022,OUW TJEN,4:22:40,18245
London,2022,AULIA IBRAHIM,3:35:38,6771
London,2022,MARIANTY INDIRA,4:43:12,23369
London,2022,YULIANTI JOE,4:59:48,27400
London,2022,IRA KARTIKA,6:31:21,38836
London,2022,RUBY KARYADI,5:28:10,32540
London,2022,MERIAM KATOMBO,5:51:40,35713
London,2022,REGINA KOROMPIS,4:16:57,16842
London,2022,KUMALA LAURIE,4:15:36,16513
London,2022,LANNY LEIMAN,3:49:16,9784
London,2022,SHINTA LESTARI,5:52:40,35824
London,2022,HENGKI LESTONO,4:00:05,12901
London,2022,KURNIADI LIE,4:54:58,26228
London,2022,GILBERT LIONG,3:39:51,7588
London,2022,PAULUS LUKAS,5:22:16,31527
London,2022,HANS MANANSANG,6:14:13,37796
London,2022,RONAL MANURUNG,4:04:53,13954
London,2022,RATNA MARAMIS,5:32:05,33148
London,2022,HERWAN NG,5:16:00,30403
London,2022,NOVIATI NG,4:52:40,25688
London,2022,CHRISTIAN NJOO,3:20:25,4124
London,2022,SYLVIA NOVIETA,5:20:09,31140
London,2022,YUDI NUGRAHA,4:34:39,21304
London,2022,TEDDY OETOMO,4:32:25,20803
London,2022,FARRY ONGKOWIDJAJA,3:26:39,5077
London,2022,JIMMY PANGESTOE,3:03:40,2209
London,2022,JABEZ PIETERS,5:01:19,27703
London,2022,YOKE PRABANDARI,6:49:05,39492
London,2022,THOMAS PRABOWO,3:56:54,11869
London,2022,SITI PRADITHYA,5:56:29,36260
London,2022,IVAN PRAKOSA,5:18:13,30816
London,2022,ADHI PRAYITNO,6:19:16,38142
London,2022,ANITA PURBA,5:56:09,36222
London,2022,MARCHELLA PURWANAIKA,4:49:40,24958
London,2022,ARIEF RACHMATTULLOH,4:27:16,19459
London,2022,DINAR RALIA,7:12:59,40051
London,2022,NAMIRA RAMADINA,5:20:32,31209
London,2022,JIMMY RANDIATMOKO,4:24:47,18802
London,2022,ELYAN ROBERT,4:30:54,20438
London,2022,SARAH RUSWANDARI,5:16:34,30508
London,2022,SABRINA GHANI,4:26:03,19135
London,2022,GUNAWAN SAMIADJI,4:42:50,23278
London,2022,ELYA SAMSUDDIN,4:17:45,17020
London,2022,ALYA SANI,5:19:44,31091
London,2022,INDAH SARJANAH,4:37:50,22058
London,2022,JOSE SATRIA,4:41:59,23071
London,2022,YULVIRA SAVINDRI,3:58:11,12268
London,2022,ANGGANATA SEBASTIAN,4:02:27,13471
London,2022,ANDRI SETIABUDI,6:22:36,38359
London,2022,EVAN SINDHIKARA,3:38:20,7267
London,2022,ARDJUNA SITORUS,5:56:50,36293
London,2022,INDIRA SOEKASAH,5:00:37,27576
London,2022,HARRY SOERIAATMADJA,4:37:05,21900
London,2022,SETIAWAN SUDHARMA,4:33:00,20927
London,2022,SUDJONO SUDJONO,4:44:39,23716
London,2022,YANNE SUKMAWATI,6:51:59,39581
London,2022,JENNY SULAIMAN,4:44:01,23568
London,2022,FERLIANA SUMINTO,4:55:11,26291
London,2022,HERDIANI SUNARTO,5:22:22,31547
London,2022,ANDARI SUPRAPTO,5:43:11,34676
London,2022,ECEP SUWARDANIYASA,5:38:41,34063
London,2022,BUDI SYACHBUDIN,4:40:57,22831
London,2022,WANTI SYAIFULLAH,4:32:15,20759
London,2022,ACHMAD SYARIFUDDIN,4:37:02,21886
London,2022,SALLY TANUDJAJA,4:06:43,14373
London,2022,VANIA TARMEDHI,4:47:02,24317
London,2022,HERNANDO TERLIATAN,5:19:59,31121
London,2022,MEILIYULIANI THE,3:20:48,4174
London,2022,IRENE THESMAN,5:02:22,27917
London,2022,SUNARTO TINOR,4:15:12,16414
London,2022,ABADI TISNADISASTRA,5:07:25,28908
London,2022,OZAL UDAYA,5:25:04,32019
London,2022,AGUS UTOJO,3:53:17,10831
London,2022,SENTANU WAHYUDI,5:19:41,31075
London,2022,SETIYO WIBOWO,3:47:03,9222
London,2022,HENDRI WIDIARTA,4:07:02,14446
London,2022,ROSI WIDITO,6:51:59,39582
London,2022,SILVIA WIDJAJA,4:09:54,15125
London,2022,STEVEN WIDJAJA,4:44:22,23645
London,2022,BAYU WIDYANTO,4:08:02,14685
London,2022,RIKI WIJAYA,4:07:01,14434
London,2022,JANA WINATAPRADJA,5:23:01,31653
London,2022,DEDI WIRADINATA,4:53:48,25965
London,2022,RIYO WISAKSONO,4:22:22,18164
London,2022,YARITA WITOELAR,6:36:59,39078
London,2022,KARTIKA WOHON,6:11:11,37569
London,2022,YULIANUS YULIANUS,3:14:45,3371
London,2023,SHARLYN -,5:51:36,44121
London,2023,ANDI ALISJAHBANA,5:02:16,36145
London,2023,NOVRITA ANDRIANA,4:43:08,30962
London,2023,ROY ANTHONY,6:06:54,45575
London,2023,DESSY ARFIANNI,5:24:38,40338
London,2023,RININTHA BACHDER,3:52:14,15185
London,2023,SASONGKO BASUKI,4:46:47,31970
London,2023,EVA CAROLINA,5:01:51,36039
London,2023,STEVANUS CHANDRA,4:53:22,33742
London,2023,FUNGNIWATI DARMAWAN,6:18:35,46415
London,2023,ARIS DJANARDONO,5:18:08,39203
London,2023,ASWIN HADITANOJO,5:45:30,43392
London,2023,ARISTO HALIM,4:22:20,24940
London,2023,KARTIKA HENDRAWAN,4:01:46,18924
London,2023,TJOA PIENG,4:31:37,27776
London,2023,JOHN JAUW,4:00:23,18481
London,2023,ROY KAWARE,4:52:15,33429
London,2023,FAB KIUN,4:14:16,22498
London,2023,IMING LAN,6:57:43,48046
London,2023,HENDRA LAUW,4:02:33,19153
London,2023,VICKY LIE,5:30:10,41296
London,2023,ANDY LORDIANTO,4:35:00,28659
London,2023,VERONIKA LOUIS,5:51:20,44090
London,2023,JENNY LUMANTO,6:04:01,45352
London,2023,EDISON MANALU,5:26:32,40668
London,2023,ELLY MINIARTI,4:54:48,34154
London,2023,AGNES MUNRO,4:20:26,24398
London,2023,ERRYN NANIKO,4:57:43,34994
London,2023,NADIA NASOETION,5:00:26,35703
London,2023,DYAH NUGRAHENI,5:48:44,43774
London,2023,TAUFIK PANE,5:19:22,39438
London,2023,YAN PARTAWIJAYA,4:18:41,23851
London,2023,IRFAN PRIHUTOMO,6:09:38,45780
London,2023,MIKE RAHAYU,3:56:14,16683
London,2023,ALEXANDER RASJID,5:20:32,39642
London,2023,RENNY RYANT,6:53:20,47941
London,2023,USMAN SALIM,3:58:29,17618
London,2023,NATHALIA SAPUTRA,4:53:38,33814
London,2023,CHANDRA SATAR,5:29:02,41126
London,2023,EKA SATRIA,5:37:09,42356
London,2023,DYMAS SATRIOPROJO,7:11:27,48304
London,2023,DINI SEPTIANI,5:30:02,41276
London,2023,SHIRLEY SHINTA,5:48:25,43735
London,2023,SISMAWATI SUADI,4:55:09,34249
London,2023,LISAN SUBAGIO,5:07:20,37203
London,2023,RACHMAT SUGIANTO,4:15:22,22860
London,2023,YIMMY SUGIANTO,5:46:21,43497
London,2023,ANDREAS SUKOWIJOYO,4:41:00,30351
London,2023,RAFAEL SUMALI,6:03:36,45311
London,2023,SURATNO SURATNO,5:26:10,40618
London,2023,INDRA SYAHPUTRA,5:05:43,36890
London,2023,DAVIT TAN,4:10:13,21301
London,2023,HARYANTO TAN,6:00:49,45084
London,2023,BAMBANG TANDUSUDIYANTO,3:51:58,15097
London,2023,ESTIRA TIYASSIH,6:13:46,46105
London,2023,JIMMY TJAHJANTO,4:21:49,24806
London,2023,WIWIEK TRISOECIANTY,4:33:55,28364
London,2023,MARGIE TYAZ,5:10:41,37835
London,2023,ABDI UTAMA,5:29:37,41207
London,2023,HANDOKO UTOMO,4:29:37,27221
London,2023,MOHAMAD WAHYUDI,5:24:16,40290
London,2023,JANDI WALELENG,4:37:19,29318
London,2023,MARTHA WASITANINGSIH,6:26:11,46874
London,2023,JOHAN WAWORUNTU,5:21:35,39813
London,2023,DINI WIDIASTUTI,6:43:18,47606
London,2023,CYNTHIA WIDJAJA,4:19:37,24139
London,2023,DICKIE WIDJAJA,6:21:29,46620
London,2023,ANDRE WIDJAJANTO,5:23:01,40070
London,2023,VICTOR WIJAYA,4:41:02,30372
London,2023,FERRY WIRIANTO,4:41:53,30608
London,2023,SURIONO YAP,4:44:13,31259
London,2023,PAULUS YOESOEF,3:58:44,17757
London,2023,WIDIARTI YUWONO,4:14:24,22556
London,2023,TITUS KS,4:17:30,23499
London,2024,GIBRAN ABIDIN,4:18:54,26826
London,2024,CAMILLIA ACHMAD,6:07:41,49767
London,2024,SJAMSUDIN BUNJAMIN,6:50:14,52467
London,2024,RAFFI AHMAD,5:56:44,48626
London,2024,ALI ALI,3:48:07,16016
London,2024,ANITA ALI,3:50:10,16813
London,2024,DEBBY ALISHINTA,5:42:45,46696
London,2024,LIA AMALIA,5:36:15,45756
London,2024,CHRISTINE GRACIA,4:32:25,31109
London,2024,MUFLI ANANDA,5:56:44,48625
London,2024,YOVITA ANANTA,4:54:43,37435
London,2024,FRISTY ANDISUWA,4:18:58,26848
London,2024,MIRIAM ANDRETA,5:31:07,44929
London,2024,DWI ANGGRAINI,6:35:16,51775
London,2024,DEVI ANSYAH,4:18:56,26841
London,2024,CHANDRA PRATAMA,2:47:26,1437
London,2024,DEVI APRISTOWATI,7:32:18,53451
London,2024,YOSEPH ARIFIN,3:56:28,19259
London,2024,RAMON ARMANDO,5:21:41,43244
London,2024,JOYCE ARTA,4:19:43,27079
London,2024,UMAR JUNIOR,5:26:31,44146
London,2024,RUSLY ASKAR,4:30:01,30425
London,2024,WIDDI ASWINDI,5:30:51,44899
London,2024,DICKY SIDIQ,3:27:06,9198
London,2024,SUSAN BACHTIAR,6:10:39,50036
London,2024,FAHRIL BAHARUDDIN,3:19:56,7357
London,2024,BARRY BARRY,3:46:52,15533
London,2024,YURBIANTO BASRI,3:32:56,11057
London,2024,ARTUR BATUBARA,5:08:33,40641
London,2024,BENNY BERNARTO,5:08:34,40648
London,2024,MARINA BOEDIMAN,7:18:30,53241
London,2024,EKO BRAMANTYO,6:07:44,49769
London,2024,NUGROHO BRAMANTYO,3:54:19,18384
London,2024,ICHSAN BUDIARSO,5:50:56,47878
London,2024,WIDADI CAHYADI,2:55:52,2665
London,2024,HENNY CHAN,4:51:24,36465
London,2024,ALEXANDER CHANDRA,5:58:04,48797
London,2024,TRIWANO TAN,5:19:58,42913
London,2024,HANG CHANIAGO,3:59:50,20868
London,2024,TJUNG CHIAN,4:14:10,25321
London,2024,TJAN CHRISTIAN,3:01:43,3888
London,2024,BERNADETTE CONY,6:42:50,52159
London,2024,ANGGIA ITEM,3:32:53,11044
London,2024,JACKY DANIEL,4:15:00,25587
London,2024,ADI DARMAPUTRA,4:34:51,31807
London,2024,ADI DEWANTO,4:36:18,32210
London,2024,DIONESIA DEWAYANI,3:47:15,15663
London,2024,YULINASARI DEWI,6:39:50,52024
London,2024,HENDY DJAUW,4:01:04,21335
London,2024,RONY DOSONUGROHO,3:34:09,11408
London,2024,RAHMADI DWIJAYA,4:47:41,35495
London,2024,EILEEN EILEEN,5:08:24,40606
London,2024,FRANSISKA EKASARI,4:36:15,32195
London,2024,DIANDRA ELMIRA,4:38:03,32706
London,2024,FERDI ENDINANDA,4:24:35,28592
London,2024,AMARILIA ESMERALDA,6:33:15,51673
London,2024,MUHAMMAD SAID,5:01:48,39242
London,2024,LIEA FEBRINA,4:32:02,31001
London,2024,MUHAMMAD FIKRI,3:49:50,16668
London,2024,INGRID FIRMANSJAH,3:57:10,19593
London,2024,ROSALINA FRANSISCA,4:01:05,21339
London,2024,SITI GARMILAH,5:20:30,43009
London,2024,IRZA GITA,6:50:55,52493
London,2024,RUSLI GUNTORO,4:49:36,35984
London,2024,AKHMAD HADI,4:55:02,37512
London,2024,STEPHANUS HADIWONO,4:18:57,26846
London,2024,DITA HADIYANTI,4:38:55,32947
London,2024,HANDAYANI HALIM,4:03:08,21942
London,2024,JULIANA HAM,4:13:00,24958
London,2024,ESTER HANDAJANI,5:10:45,41076
London,2024,FAJRIN HANGGORO,5:35:26,45619
London,2024,ALBERT SOEJONO,3:58:34,20282
London,2024,IMELDA HARSONO,4:51:39,36523
London,2024,HANDI HARTANTO,4:59:56,38856
London,2024,YUSA HARYADI,3:24:37,8476
London,2024,BAARY HATMADJA,5:58:56,48908
London,2024,EKA HENDRATA,3:58:33,20275
London,2024,EDWIN HENDRIADI,4:19:56,27140
London,2024,AGUS HERMAWAN,6:38:41,51966
London,2024,CRESCENTO HERMAWAN,4:12:09,24665
London,2024,HERMAWAN HERMAWAN,4:45:29,34896
London,2024,SISKA HERRANI,5:29:32,44661
London,2024,ERWIN HIDAYAT,5:12:37,41474
London,2024,KRISTIN HUSEN,5:36:22,45773
London,2024,WILLIAM HUTAGAOL,3:44:23,14673
London,2024,ROMIDA HUTAPEA,6:34:59,51760
London,2024,ANDREW ICHWAN,3:09:03,5065
London,2024,JUAN IDAL,5:53:11,48170
London,2024,ASTRID INDRIANI,3:42:57,14158
London,2024,IRA INDRIANI,5:57:55,48783
London,2024,JENNI INDRIANI,4:51:36,36506
London,2024,RETNO INDRIASTUTI,4:55:51,37733
London,2024,IBNU JAMIL,5:02:26,39369
London,2024,SENDHI JANUARLIN,4:26:15,29117
London,2024,FREDY JAP,4:34:14,31633
London,2024,TJIPTO JAYADI,5:28:26,44472
London,2024,KANG JIMMI,3:44:25,14682
London,2024,ALIYA JULYAN,4:50:56,36337
London,2024,PATRICK KALONA,3:58:16,20123
London,2024,CHRISTOPHER KAPUANGAN,3:54:30,18458
London,2024,TERRY KARNADI,2:59:24,3496
London,2024,KUMALASARI KARTINI,6:45:04,52272
London,2024,FADLUN KASAU,5:10:32,41029
London,2024,ADHIA KAYUNGYUN,6:38:43,51967
London,2024,ALWI KO,5:49:36,47695
London,2024,CORINA KOESLIONO,3:55:26,18835
London,2024,GANI KRISTIONO,3:51:49,17399
London,2024,RICHAD KUMALA,5:01:41,39222
London,2024,ALEXANDER KUNTORO,4:09:23,23818
London,2024,ALEXANDER KURNIAWAN,4:51:41,36532
London,2024,ANGUS KURNIAWAN,3:56:08,19121
London,2024,HENGKIE KURNIAWAN,3:40:23,13355
London,2024,ASTRA KUSNOHARDJO,4:18:00,26555
London,2024,ONG KWEI,4:51:40,36529
London,2024,SORAYA LARASATI,3:37:51,12531
London,2024,TANTONO LAUTAN,5:57:11,48685
London,2024,ANDI LAUW,4:12:57,24938
London,2024,SYENNI LEIMENA,4:30:01,30426
London,2024,ANGGI LESTARI,5:03:03,39510
London,2024,ERWIN LIE,4:38:03,32697
London,2024,ROY LIE,3:42:03,13861
London,2024,MIRA LIEM,4:16:07,25954
London,2024,DANIEL LIM,3:19:37,7297
London,2024,ERNA LINCIEWATI,4:31:36,30890
London,2024,NG LINDARTO,4:29:21,30180
London,2024,JACK LONTOH,5:16:50,42306
London,2024,ANDREAS LUKITA,3:24:01,8303
London,2024,LILIANE LUMANAUW,5:12:25,41436
London,2024,MARGARETHA MAHARANI,4:13:34,25129
London,2024,DANIEL MANANTA,3:31:42,10718
London,2024,ROBERTO MANGUNSONG,3:45:51,15176
London,2024,RONALD MANULLANG,3:25:29,8704
London,2024,FRANSISCA BUDIMAN,5:33:47,45337
London,2024,MAYA MARIANY,3:50:17,16860
London,2024,DANIEL MARTAHI,4:23:48,28352
London,2024,BERTHA MARTINAULY,4:37:58,32679
London,2024,RULLY MARZULI,5:04:16,39745
London,2024,CARMELITA MIRANDA,4:17:27,26380
London,2024,FRANSISCA MIRANINGTYAS,6:10:30,50020
London,2024,MUKHAMAD MISBAKHUN,3:48:49,16291
London,2024,GAY MULANADI,4:05:32,22652
London,2024,MULIADI MULIADI,3:47:45,15870
London,2024,BENY MULJADI,4:12:45,24880
London,2024,EVAN MULYANA,5:06:57,40317
London,2024,RAHMAT MULYANA,3:47:44,15865
London,2024,LINNY NABABAN,6:22:17,50956
London,2024,WILLY NG,3:49:22,16484
London,2024,DODDY NUGROHO,5:18:22,42594
London,2024,MIRA NURAHMIDAH,5:00:02,38883
London,2024,ADE OCTARA,3:48:48,16284
London,2024,SELVIANA OCTAVIANI,4:51:06,36380
London,2024,VINCENT OCTAVIANUS,6:07:09,49717
London,2024,ANGGRENI OEI,4:07:50,23307
London,2024,RIZKY OKTABRIYADI,3:38:58,12892
London,2024,NL N,4:46:38,35191
London,2024,JIMMY PANGESTOE,3:52:50,17775
London,2024,HENDRI PARDEDE,3:54:41,18527
London,2024,MARULI PARLUHUTAN,6:15:29,50449
London,2024,DOROJATUN PERMANA,4:13:46,25201
London,2024,JOKO PHIE,4:27:35,29522
London,2024,YUDITIO PONDIUTOMO,5:13:04,41546
London,2024,RENDY PRAKOSO,2:59:34,3538
London,2024,TRISNA PRASETYO,5:26:06,44073
London,2024,DODDY PRATAMA,5:53:36,48216
London,2024,DINNY PRIHATINI,5:34:39,45478
London,2024,DZULFITHRI PUTRA,4:07:49,23296
London,2024,ARIEF RACHMATTULLOH,5:13:05,41555
London,2024,RISKA RAHMAWATI,5:00:01,38875
London,2024,SYAHRUL RAMADHAN,4:45:01,34758
London,2024,NUCKY RAMADHANI,4:44:40,34648
London,2024,FERRY RAMPENGAN,6:15:08,50410
London,2024,FEBRIANI RASTANTY,4:27:51,29616
London,2024,VIDYA RASTHRI,5:03:29,39595
London,2024,MUHAMAD RASYID,4:15:18,25694
London,2024,MUHAMMAD RAZY,2:48:37,1604
London,2024,RENI ROMELAN,4:36:13,32180
London,2024,RIZKY RONALDO,4:46:54,35261
London,2024,DINA RUBIANA,4:26:52,29302
London,2024,MARIANNE RUMANTIR,4:48:36,35740
London,2024,IBNU RUSIMA,4:38:27,32810
London,2024,NADHILA SAFIRA,7:13:05,53145
London,2024,ROMA SAGALA,4:03:18,21985
London,2024,IRSYAD SAHRONI,4:12:49,24900
London,2024,DANLY SAIMAN,4:33:55,31546
London,2024,LIZA SAKO,4:46:24,35134
London,2024,MARINA SALIM,5:05:09,39921
London,2024,MAGHFIRA SAMSIR,4:12:37,24825
London,2024,GIGIH SAMUDERA,3:23:42,8222
London,2024,RESSY SANDRINA,4:53:58,37211
London,2024,HENRY SANTO,6:00:54,49143
London,2024,HARRY SANTOSO,3:32:26,10913
London,2024,SITI SANTY,5:45:14,47072
London,2024,GERRY SAPUTRA,6:00:03,49049
London,2024,ANDY SARDJITO,5:37:03,45881
London,2024,WIDITA SARDJONO,5:10:31,41028
London,2024,SYLVIA SARDY,5:44:53,47019
London,2024,FITRI SARI,4:38:11,32740
London,2024,WINI SEKARTINI,4:57:38,38203
London,2024,ARLETTE SETIAWAN,6:59:15,52807
London,2024,SONY SETIAWAN,4:08:51,23637
London,2024,DIMAS SETOWARDANA,4:43:25,34267
London,2024,JULIWATI SIAGIAN,4:23:49,28357
London,2024,SILVIA SILVIA,4:02:45,21826
London,2024,CHOON SIM,4:01:55,21582
London,2024,ERWISUNARTI SIN,4:09:38,23889
London,2024,ANDAR SINAGA,6:06:53,49685
London,2024,HARLIN SINAGA,3:55:45,18971
London,2024,EVAN SINDHIKARA,3:30:39,10428
London,2024,ANGKOLA SIREGAR,6:28:00,51339
London,2024,REGINA SIREGAR,5:57:07,48678
London,2024,FERNANDO SITORUS,5:15:22,42002
London,2024,AILIY SOEGIMIN,5:57:11,48684
London,2024,LINA SOELIANTO,5:04:04,39711
London,2024,SISILIA SOEWARDI,3:54:29,18452
London,2024,MELLANI SOLAGRATIA,5:37:49,46007
London,2024,RINA SUBIYAKTO,5:45:46,47146
London,2024,SIMIN SUDI,4:12:20,24722
London,2024,HANA SUGOTO,5:10:32,41030
London,2024,SELVYN SUHANTO,5:28:35,44497
London,2024,EDWIN SUKRI,4:00:01,20947
London,2024,SULISTIAWATY SULISTIAWATY,4:43:01,34154
London,2024,PUTU SUMADI,4:22:29,27951
London,2024,SURIANI SUNG,5:20:02,42924
London,2024,MARIA SUPARNO,3:51:01,17132
London,2024,TJAN SURIADINATA,6:13:03,50244
London,2024,IVAN SURYA,5:42:25,46658
London,2024,TJIOE SURYADI,5:38:24,46085
London,2024,WILSON SURYAHUSADA,3:48:19,16090
London,2024,SRI SUSANTI,5:28:35,44499
London,2024,SUSANTO SUSANTO,5:11:25,41230
London,2024,WILLIAM SUTANTO,3:56:27,19255
London,2024,MAYA SUWANDONO,4:49:03,35851
London,2024,MUHAMMAD SYAHRUDIN,3:48:11,16043
London,2024,DRAMA TAN,6:53:53,52595
London,2024,KONG TAN,7:10:35,53099
London,2024,RUDY TANAGA,5:08:34,40649
London,2024,SUZANNA TANOJO,6:18:36,50681
London,2024,REBECCA TANOYO,4:24:06,28429
London,2024,HENDRIAN TJEN,4:42:02,33846
London,2024,SUKIATY TENTUNATA,5:22:29,43382
London,2024,RANGGINA THASSIYA,4:27:22,29451
London,2024,ANYANTI THESMAN,5:33:30,45293
London,2024,NG TJONG,5:39:07,46193
London,2024,RIJAN TIANUS,3:57:11,19599
London,2024,IRWAN TJAHJADI,4:25:57,29019
London,2024,JENNY TJINTOMULJO,4:51:45,36557
London,2024,NODY TJONG,4:33:20,31374
London,2024,GINANJAR TRILAKSONO,5:04:30,39779
London,2024,ZALFANY URFIANTO,4:08:02,23370
London,2024,SARAH USMAN,3:54:05,18271
London,2024,JUSTINUS UTOMO,5:54:46,48366
London,2024,MUFTI UTOMO,3:57:47,19860
London,2024,HAN VE,4:05:27,22615
London,2024,DEBORA WAHJUTIRTO,4:11:09,24360
London,2024,ENY WAHYUNI,4:22:30,27960
London,2024,ARINTA WAHYUNINGRUM,6:15:46,50470
London,2024,DEDY WENTI,4:40:46,33468
London,2024,VIVA WIBAWA,4:33:55,31549
London,2024,SATYO WIBISONO,4:45:40,34937
London,2024,EDDY WIDJAJA,3:33:00,11073
London,2024,MAGDALENA WIDJAJA,4:06:14,22843
London,2024,NINI WIDJAJA,6:31:03,51529
London,2024,ARIANI WIDODO,5:44:32,46955
London,2024,BARYADI WIJAYA,5:44:19,46908
London,2024,PATRICK WIJAYA,3:55:47,18979
London,2024,WILSON WIJAYA,4:40:22,33352
London,2024,KENRICK WINATA,5:14:06,41739
London,2024,DEVIN WIRAWAN,3:46:22,15349
London,2024,DARYANTO WITARSA,3:46:54,15541
London,2024,TJUN WONGCS,4:51:45,36554
London,2024,SUTOTO YAKOBUS,4:43:37,34323
London,2024,AGNES YULIAVITRIANI,3:48:07,16012
Boston,2015,MUARA SIANTURI,4:13:10,20977
Boston,2015,WIDI SUSANTO,3:14:25,5655
Boston,2015,INDRA UNO,4:59:38,24932
Boston,2015,SANDIAGA UNO,4:59:38,24933
Boston,2016,HARYADI PERMANA,4:42:54,23121
Boston,2016,INGE PRASETYO,3:36:01,9544
Boston,2016,MUARA SIANTURI,3:39:21,10591
Boston,2017,TROY KIPUW,5:17:13,24907
Boston,2017,SHIRLEY LANDRY,3:40:50,9994
Boston,2017,INGE PRASETYO,3:45:48,11437
Boston,2017,ELLIANAH SETIADY,6:00:30,26288
Boston,2017,SLAMET SUDIJONO,5:19:34,25031
Boston,2017,RINA TAMBUNAN,4:47:22,22887
Boston,2017,BUI TJHIN,3:46:32,11648
Boston,2017,DARMAWAN WARDHANA,3:30:55,7253
Boston,2018,ADRYANSYAH CHANIAGO,4:19:10,19102
Boston,2018,RIZTA FALAK,6:38:31,25657
Boston,2018,DANTE HARBUWONO,4:49:22,22153
Boston,2018,WINDY HARUN,5:42:04,24832
Boston,2018,LEKA MADIADIPOERA,5:19:56,24013
Boston,2018,ELVIE RACHMAWATI,5:47:39,24999
Boston,2018,MUARA SIANTURI,4:33:53,20858
Boston,2018,OEI TOMMY,4:14:22,18365
Boston,2018,SUTA UTAMA,4:06:29,17069
Boston,2018,DARMAWAN WARDHANA,3:59:37,15768
Boston,2019,FAZIL ALFITRI,5:37:22,25830
Boston,2019,VIVIN ALVINA,6:16:20,26613
Boston,2019,GENIO ATYANTO,4:32:49,21721
Boston,2019,RIYANTO CHANDRA,5:33:52,25733
Boston,2019,NURLENI FEBRIANA,5:57:26,26413
Boston,2019,RYAN NG,5:58:19,26426
Boston,2019,RIZAL PRASETIJO,6:16:20,26614
Boston,2019,MUARA SIANTURI,3:32:52,9986
Boston,2019,BUDIYANTO SUSANTO,4:58:34,24037
Boston,2019,HENRY USMAN,4:14:21,19239
Boston,2019,JOHNY USMAN,3:50:26,14589
Boston,2021,DIDIT ARDYANTO,5:48:55,14986
Boston,2021,MUHAMMAD BUDIARTO,3:56:31,9255
Boston,2021,NGADIMAN DATI,4:57:46,13738
Boston,2021,ANAK DEWI,5:45:21,14929
Boston,2021,JENNY HARTANTO,3:40:12,6976
Boston,2021,SUNGKAR HOUTAMA,4:44:06,13090
Boston,2021,DEBBY MEYLIA,3:38:03,6643
Boston,2021,RIANA MONTISANO,4:40:57,12920
Boston,2021,MEDIAS OKTAVIANI,5:39:19,14836
Boston,2021,ESTHERANNE PARAPAK,5:31:18,14690
Boston,2021,HENDRI PARDEDE,3:23:00,4327
Boston,2021,FITRI RAMLI,6:15:57,15238
Boston,2021,GUNAWAN SAMIADJI,4:52:10,13494
Boston,2021,GIGIH SAMUDERA,3:31:48,5706
Boston,2021,HENDRIK SASMITO,5:02:57,13960
Boston,2021,IRMA SETYOWATI,5:42:16,14881
Boston,2021,AGUS TAMIN,4:06:34,10330
Boston,2021,THE THESJEN,3:29:25,5312
Boston,2021,JAHJA TJAHJANA,3:21:32,4126
Boston,2022,MARIA CHANDRA,5:07:01,23334
Boston,2022,ADRYANSYAH CHANIAGO,4:29:06,20886
Boston,2022,TJAN CHRISTIAN,3:07:33,4699
Boston,2022,ADI DARMAPUTRA,5:48:16,24480
Boston,2022,NGADIMAN DATI,4:49:47,22456
Boston,2022,SHINTA DEWANTI,5:51:57,24553
Boston,2022,RIZTA FALAK,5:37:39,24279
Boston,2022,ANNY GORAT,3:53:24,16183
Boston,2022,BUDI HALIM,3:57:36,16996
Boston,2022,SUNGKAR HOUTAMA,4:32:26,21150
Boston,2022,MATIAS IBO,4:33:37,21259
Boston,2022,ERNEST IRAWAN,3:03:39,3967
Boston,2022,FERRY KANGSADJAJA,4:01:44,17670
Boston,2022,HENGKI LESTONO,4:17:16,19687
Boston,2022,ANDREW LIMANTO,4:02:54,17819
Boston,2022,ELLY MINIARTI,5:05:16,23247
Boston,2022,JIMMY PANGESTOE,3:08:42,4945
Boston,2022,MELANIE PUTRIA,4:33:38,21264
Boston,2022,ELYAN ROBERT,4:34:09,21311
Boston,2022,BENYAMIN SAPIIE,5:03:52,23187
Boston,2022,CHARLEY SELIANG,4:53:09,22668
Boston,2022,HENDRA SISWANTO,2:57:25,2614
Boston,2022,PRETTY SOELAIMAN,5:24:59,23974
Boston,2022,SETIAWAN SUDHARMA,4:48:58,22397
Boston,2022,SUDJONO SUDJONO,4:43:25,22054
Boston,2022,TJIOE SURYADI,5:58:25,24651
Boston,2022,BUI TJHIN,3:11:01,5467
Boston,2022,AGUS UTOJO,4:14:59,19447
Boston,2022,HANDOKO UTOMO,4:55:12,22778
Boston,2022,JANA WINATAPRADJA,5:22:18,23888
Boston,2022,FERRY WIRIANTO,5:15:22,23660
Boston,2022,DICKY YORDAN,4:08:01,18544
Boston,2023,SUSANTO ANDRE,4:23:42,22180
Boston,2023,EDOARDUS ARDIANTO,3:43:42,15851
Boston,2023,ANANDA ARYAGUNA,4:58:04,24707
Boston,2023,ARTUR BATUBARA,5:21:30,25653
Boston,2023,WIDADI CAHYADI,2:58:09,3540
Boston,2023,ADRYANSYAH CHANIAGO,3:39:55,14929
Boston,2023,JOSE SATRIA,4:27:24,22511
Boston,2023,FEBRIAN FEBRIAN,5:39:31,26124
Boston,2023,MARTIN GABRIEL,2:56:26,3037
Boston,2023,PAULUS GANDHANYA,5:07:34,25145
Boston,2023,ADRIAN GUNADI,4:21:15,21956
Boston,2023,SANTIH GUNAWAN,4:55:37,24548
Boston,2023,FAJAR HARIYANTO,5:04:38,25029
Boston,2023,FERDI HENDARMAN,4:55:24,24529
Boston,2023,NOVIE HERNAWATI,5:43:08,26208
Boston,2023,JULYASARI JULYASARI,4:57:57,24698
Boston,2023,ANDRE KASMARA,3:11:55,6879
Boston,2023,TITUS KS,4:18:29,21686
Boston,2023,DOLLY LESMANA,3:51:25,17656
Boston,2023,SULISTYANI LESMANA,6:07:33,26588
Boston,2023,WILLIAM LESMANA,2:59:39,4096
Boston,2023,HERWAN NG,5:41:46,26173
Boston,2023,SYLVIA NOVIETA,6:00:14,26524
Boston,2023,JIMMY PANGESTOE,3:08:16,6005
Boston,2023,HENDRI PARDEDE,3:34:45,13565
Boston,2023,JABEZ PIETERS,4:46:40,23974
Boston,2023,WIWIK PUJIATI,3:32:31,12939
Boston,2023,ARIEF RACHMATTULLOH,4:36:51,23283
Boston,2023,SOFINAR READ,3:31:32,12688
Boston,2023,SILVANO RUMANTIR,4:08:12,20420
Boston,2023,RUSNA RUSNA,5:55:09,26445
Boston,2023,SARAH RUSWANDARI,5:11:34,25304
Boston,2023,SABRINA GHANI,4:36:49,23279
Boston,2023,POLNIWATI SALIM,3:44:08,15958
Boston,2023,ALYA SANI,5:50:03,26352
Boston,2023,ANDY SARDJITO,4:38:58,23454
Boston,2023,ANDRI SETIABUDI,5:25:17,25765
Boston,2023,DIKDIK SUGIHARTO,3:47:29,16743
Boston,2023,HANA SUGOTO,5:14:45,25417
Boston,2023,TODDY SUGOTO,3:23:45,10284
Boston,2023,SURATNO SURATNO,5:05:48,25078
Boston,2023,TJIOE SURYADI,5:25:35,25770
Boston,2023,INDRAGUNA SUTOWO,3:25:18,10758
Boston,2023,DONNY TJAHYADIKARTA,2:58:31,3667
Boston,2023,BUI TJHIN,3:12:26,6998
Boston,2023,RUGUN TOBING,3:37:50,14392
Boston,2023,HANDOKO UTOMO,4:41:08,23631
Boston,2023,JOHANNES WARDHANA,5:59:37,26515
Boston,2024,BANGUN ALLO,3:38:24,11594
Boston,2024,DINA ANDINI,5:53:59,25165
Boston,2024,CLAIRE NADIRA,4:17:18,18660
Boston,2024,TARRA BUDIMAN,4:44:42,21479
Boston,2024,ELIZA CHANDRA,3:33:28,10395
Boston,2024,DENNY CHIRSTIAN,4:07:48,17400
Boston,2024,TEDDY DANAS,5:23:36,24007
Boston,2024,AMELIA GANESHANTY,5:33:30,24466
Boston,2024,ANDRIE GOTAMA,5:49:43,25041
Boston,2024,LINA HARDY,4:44:20,21440
Boston,2024,MERIAM KATOMBO,5:46:30,24944
Boston,2024,LANNY LEIMAN,4:17:07,18627
Boston,2024,NOVIATI NG,4:34:15,20512
Boston,2024,TEDDY OETOMO,4:18:04,18752
Boston,2024,JIMMY PANGESTOE,3:30:24,9667
Boston,2024,DONNA PRIADI,5:53:58,25164
Boston,2024,YOVIE PRIADI,5:53:57,25163
Boston,2024,ANDRIO SAFIRO,5:42:44,24826
Boston,2024,ANDI SAPUTRA,5:19:01,23794
Boston,2024,ASMARA SISWANDARI,5:19:33,23820
Boston,2024,BAMBANG SUDIYANTO,3:59:08,16078
Boston,2024,JENNY SULAIMAN,5:23:07,23982
Boston,2024,RAFAEL SUMALI,5:54:28,25190
Boston,2024,ECEP SUWARDANIYASA,5:48:25,25003
Boston,2024,SUYOTO SUYOTO,5:32:24,24422
Boston,2024,WANTI SYAIFULLAH,4:50:15,21946
Boston,2024,BUI TJHIN,3:28:18,9071
Boston,2024,DENISE TJOKROSAPUTRO,5:32:59,24448
Boston,2024,JOHAN WAWORUNTU,5:34:35,24502
Boston,2024,SILVIA WIDJAJA,4:34:36,20551
Boston,2024,BAYU WIDYANTO,4:36:36,20734
Boston,2024,PAULUS YOESOEF,4:04:39,16953
Boston,2024,YOPI YOPI,3:25:15,8242
Chicago,2012,CHARLES BUDIANTO,4:38:56,21937
Chicago,2012,YOAN BUSTIONO,4:14:58,15288
Chicago,2012,ADITYA KAFRAWI,4:08:46,13731
Chicago,2012,ARIANNE NARTYASARI,5:34:49,32459
Chicago,2013,YOAN BUSTIONO,3:43:23,6876
Chicago,2013,SUNGKONO DERMAWAN,5:42:13,34472
Chicago,2013,RIANA NUSJIRWAN,5:41:05,34355
Chicago,2013,DIKDIK SUGIHARTO,4:14:30,15757
Chicago,2014,EKOPUTRO ADIDJAJANTO,5:29:24,34007
Chicago,2014,MARTIN CHRISTIAN,4:54:44,27546
Chicago,2014,SUNGKONO DERMAWAN,6:03:44,37814
Chicago,2014,MELANI DEWITASARI,4:22:12,18758
Chicago,2014,VIANI GERUNGAN,5:36:16,34931
Chicago,2014,ANIL GOKHALE,4:27:59,20454
Chicago,2014,HARMADA HUTAJULU,5:07:35,30354
Chicago,2014,LISA MARIA,6:01:24,37635
Chicago,2014,JIMMY MASRIN,5:39:23,35317
Chicago,2014,SRI MUPPIDI,4:04:40,13814
Chicago,2014,POOJA MURALIDHARAN,5:18:32,32299
Chicago,2014,HARTANTO NG,4:01:29,13004
Chicago,2014,JERRY NG,4:57:09,28162
Chicago,2014,ELLIANAH SETIADY,5:07:29,30335
Chicago,2014,BUI TJHIN,4:09:28,15125
Chicago,2014,INDRA UNO,4:33:59,22132
Chicago,2014,SANDIAGA UNO,4:26:57,20162
Chicago,2014,TANG YANSHEN,5:50:48,36593
Chicago,2015,JOHANES ADINATA,4:05:05,12313
Chicago,2015,LEONARD AGUS,6:18:37,36121
Chicago,2015,ADRIANSYAH CHANIAGO,4:29:16,18344
Chicago,2015,NATASHA CHRISTIANI,6:30:48,36872
Chicago,2015,SUNGKONO DERMAWAN,6:18:38,36124
Chicago,2015,ADE ECHIZENYA,4:50:49,23664
Chicago,2015,VIANI GERUNGAN,5:36:10,32024
Chicago,2015,AGUS GUNAWAN,5:23:54,30215
Chicago,2015,LINDA KANDOUW,4:56:08,24975
Chicago,2015,ROBINSON KIRANA,6:14:34,35790
Chicago,2015,KURINJI KRISHNAMOORTHY,4:39:42,20933
Chicago,2015,KIRAN KUMARI,6:27:49,36719
Chicago,2015,SHINTA LESTARI,5:44:41,33087
Chicago,2015,LEKA MADIADIPOERA,4:51:09,23743
Chicago,2015,METZ MANURUNG,4:09:38,13390
Chicago,2015,MULYA MASHUDI,5:22:36,30007
Chicago,2015,JIMMY MASRIN,5:53:21,34011
Chicago,2015,VIGA NASUTION,5:52:15,33894
Chicago,2015,NURHADIJONO NURJADIN,6:42:29,37243
Chicago,2015,RIANA NUSJIRWAN,5:28:53,30987
Chicago,2015,AKE PANGESTUTI,5:25:31,30468
Chicago,2015,ESTHERANNE PARAPAK,5:28:07,30878
Chicago,2015,SUKESH PATRO,5:05:28,26971
Chicago,2015,ARIE QUICK,6:36:35,37100
Chicago,2015,ELVIE RACHMAWATI,4:51:19,23782
Chicago,2015,SHIRISH RANE,4:42:28,21613
Chicago,2015,MELISSA SANTOSO,5:37:38,32233
Chicago,2015,HENDRIK SASMITO,5:08:51,27616
Chicago,2015,RAMADHAN SENTOUSA,4:45:05,22294
Chicago,2015,JAMES SETIAWAN,3:21:16,2855
Chicago,2015,SLAMET SUDIJONO,5:10:50,27993
Chicago,2015,DIMAS SUKIRNO,6:28:18,36745
Chicago,2015,ADISATRYA SULISTO,4:55:55,24917
Chicago,2015,JOHANNES WARDHANA,5:14:44,28685
Chicago,2015,TIARA WREKSOATMODJO,5:17:30,29173
Chicago,2016,GIBRAN ABIDIN,4:21:36,18344
Chicago,2016,FAUZUL ABRAR,5:28:27,33320
Chicago,2016,RINA ADELYNE,6:05:12,37619
Chicago,2016,LEONARD AGUS,6:17:19,38463
Chicago,2016,FAZIL ALFITRI,4:54:29,26996
Chicago,2016,VIVIN ALVINA,6:26:31,38963
Chicago,2016,STANLEY ANGKODJOJO,4:30:14,20784
Chicago,2016,SUSAN BACHTIAR,5:21:04,32169
Chicago,2016,FEMMY BAHROEN,6:21:09,38665
Chicago,2016,SUNGKONO DERMAWAN,6:22:07,38719
Chicago,2016,NADIA DIWAS,4:51:05,26153
Chicago,2016,ANTHONEUS DJATI,4:23:21,18834
Chicago,2016,AMELIA GANESHANTY,5:25:11,32853
Chicago,2016,KENCANA GILANG,6:27:48,39060
Chicago,2016,ADRIAN GUNADI,5:39:32,34927
Chicago,2016,SUDI HARSONO,4:08:23,14731
Chicago,2016,RUDY HARTONO,6:03:24,37500
Chicago,2016,AYUNINGRUM HARYOKUSUMO,5:03:29,29078
Chicago,2016,URIP HARYOSISWOYO,6:05:57,37673
Chicago,2016,YUDHI HENDRAWAN,4:05:23,13942
Chicago,2016,NOVIE HERNAWATI,7:03:37,40155
Chicago,2016,MIFTAHUL HILMI,5:20:51,32145
Chicago,2016,WATI HLUSAK,4:22:30,18590
Chicago,2016,HOSEA HOGAN,4:53:10,26670
Chicago,2016,WIDJAJA JERRY,4:38:36,22950
Chicago,2016,JIMMY KOSASIH,5:08:10,29935
Chicago,2016,KEVIN LAPPYA,5:25:20,32880
Chicago,2016,YASMIN LATIEF,5:47:51,35942
Chicago,2016,I MAHARTAYASA,6:33:14,39371
Chicago,2016,DIDIT MANAF,5:39:09,34884
Chicago,2016,ERLANGGA MANGUNKUSUMO,6:21:09,38664
Chicago,2016,NOVRYANTO MULAWAHYU,6:23:21,38793
Chicago,2016,ILHAM NURJADIN,5:26:30,33062
Chicago,2016,FILIP PAULUS,4:05:29,13976
Chicago,2016,RIZAL PRASETIJO,5:35:10,34314
Chicago,2016,ANDHIKA PRATAMA,5:30:55,33688
Chicago,2016,RIZA PRATAMA,5:56:12,36831
Chicago,2016,DWI PROBOWATI,6:38:41,39610
Chicago,2016,MARCHELLA PURWANAIKA,5:07:50,29871
Chicago,2016,WIRASENO RAHADI,6:17:25,38470
Chicago,2016,ALEXANDER RASJID,5:15:26,31270
Chicago,2016,NITTA ROLLITA,5:35:55,34424
Chicago,2016,ADITHYA SARI,4:33:11,21539
Chicago,2016,PETER SETIAWAN,8:29:53,40541
Chicago,2016,APRILLYA SIHOMBING,4:09:40,15107
Chicago,2016,RUBISMO SOEDIONO,5:30:13,33588
Chicago,2016,ARIESTA SOEPARDI,5:30:53,33684
Chicago,2016,HIMAWAN SUPARYO,4:26:57,19831
Chicago,2016,DIRAJA SUTAN,5:00:32,28535
Chicago,2016,LINDA TAN,4:02:20,13168
Chicago,2016,LIA TEJOPRAYITNO,5:15:09,31220
Chicago,2016,ROESTIANDI TSAMANOV,5:29:00,33402
Chicago,2016,SUTA UTAMA,4:13:44,16154
Chicago,2016,SATYO WIBISONO,5:20:05,32020
Chicago,2016,HENDRI WIDIARTA,4:52:07,26396
Chicago,2016,YUSTINA WIDJAJA,4:21:24,18286
Chicago,2016,LINDA WIRANTANA,4:38:10,22835
Chicago,2016,FIFIEK WOELANDARA,6:08:05,37846
Chicago,2016,IVO WONGKAREN,6:11:53,38111
Chicago,2016,VANNYA WONGKAREN,5:02:31,28916
Chicago,2017,WIDIANAWATI ADHININGRAT,6:07:55,39549
Chicago,2017,RIDZKY AMIN,5:33:00,34144
Chicago,2017,EDDY ANGKAWIBAWA,6:00:12,38631
Chicago,2017,DIDIT ARDYANTO,6:40:54,42588
Chicago,2017,HERMAN ARLI,6:05:26,39271
Chicago,2017,ANANDA ARYAGUNA,4:35:56,20291
Chicago,2017,DJAMAL ATTAMIMI,6:41:02,42600
Chicago,2017,SASONGKO BASUKI,5:13:24,30080
Chicago,2017,BENNY BERNARTO,6:34:36,42138
Chicago,2017,LAURENCIA BUDIHARDJO,5:04:54,28167
Chicago,2017,FRANCESCA BUDISATRIJO,4:43:43,22444
Chicago,2017,FEBRIASTUTY BUNDA,5:10:32,29449
Chicago,2017,ADRYANSYAH CHANIAGO,3:47:37,7639
Chicago,2017,ANNIF DANIAR,4:00:20,11084
Chicago,2017,SUNGKONO DERMAWAN,6:19:30,40809
Chicago,2017,RIZTA FALAK,5:37:55,35039
Chicago,2017,DONI FIRDAUS,5:34:56,34505
Chicago,2017,BONA FITHRAH,5:47:18,36619
Chicago,2017,HALEF GUNAWAN,5:13:00,29990
Chicago,2017,RACHMAT GUNAWAN,4:34:42,19975
Chicago,2017,RUSLI GUNAWAN,5:22:08,31966
Chicago,2017,ELSIE HAKIM,5:55:37,37966
Chicago,2017,DODDY HARDIANTO,3:58:10,10388
Chicago,2017,JENNY HARTANTO,4:21:12,16347
Chicago,2017,ANDRY HARYANTO,3:56:03,9745
Chicago,2017,TEDJO HATMADI,7:10:24,43671
Chicago,2017,BAARY HATMADJA,5:59:50,38590
Chicago,2017,FERDI HENDARMAN,4:43:40,22433
Chicago,2017,EVELYN HENDARTA,4:42:08,21995
Chicago,2017,NOVAN HENDIAN,5:49:32,36972
Chicago,2017,YOLA ISTIANTY,5:37:58,35051
Chicago,2017,VENNY ISWANTO,5:53:58,37707
Chicago,2017,BERNARD JUANO,4:53:33,25135
Chicago,2017,RENO JUNIZWAN,5:05:36,28358
Chicago,2017,RIYANA KADARSARI,5:52:09,37423
Chicago,2017,FAIZIN KADNI,4:38:01,20876
Chicago,2017,JOSEPH KANGINAN,4:32:12,19319
Chicago,2017,RAHMI KEMALAWATI,6:39:45,42516
Chicago,2017,BAYU KOBARSIH,5:44:20,36118
Chicago,2017,KENNY KOMALA,3:34:51,5074
Chicago,2017,SUDHIR KOTTI,4:34:27,19900
Chicago,2017,HARRYJANTO LASMANA,6:09:23,39716
Chicago,2017,NIE LAURA,3:45:53,7256
Chicago,2017,DOLLY LESMANA,4:40:25,21541
Chicago,2017,KURNIADI LIE,5:31:46,33931
Chicago,2017,HENRY LUCMAN,5:46:10,36422
Chicago,2017,INYOMAN MAHARTAYASA,7:06:55,43576
Chicago,2017,JERRY MAMBAITFETO,3:47:11,7535
Chicago,2017,RATNA MARAMIS,6:15:47,40412
Chicago,2017,AMANDA MARGO,6:26:35,41530
Chicago,2017,FNU MARIONO,5:09:18,29176
Chicago,2017,RENI MARLINA,5:53:00,37557
Chicago,2017,ADHNI MULACHELA,4:46:49,23296
Chicago,2017,NI MULIYATI,5:32:11,34006
Chicago,2017,ARIES NELWANSJAH,6:51:55,43120
Chicago,2017,RATNA NING,5:49:27,36958
Chicago,2017,KUSUMA NIO,5:57:41,38263
Chicago,2017,MARAHLAUT NOER,5:17:00,30899
Chicago,2017,HILDA NOVIANTI,4:53:23,25090
Chicago,2017,SYLVIA NOVIETA,6:07:58,39555
Chicago,2017,MARY OETOMO,7:08:19,43621
Chicago,2017,MEDIAS OKTAVIANI,5:55:19,37909
Chicago,2017,DOROJATUN PERMANA,5:03:19,27828
Chicago,2017,RINA PETERSON,4:55:16,25627
Chicago,2017,HANDARU PETRUS,5:37:41,34991
Chicago,2017,JOKO PHIE,4:12:41,14203
Chicago,2017,CATHRINE PRAJITNO,5:00:25,27135
Chicago,2017,PINARDI PRIAMBODO,6:01:06,38738
Chicago,2017,FITRI RAMLI,5:54:07,37738
Chicago,2017,ROLAND RUSTAN,3:55:15,9493
Chicago,2017,SARAH RUSWANDARI,6:22:50,41143
Chicago,2017,MOHAMAD SAAD,6:14:46,40295
Chicago,2017,MUHAMMAD SAAR,6:17:28,40616
Chicago,2017,RACHMAN SAMBOGO,5:18:18,31162
Chicago,2017,ANDI SAPUTRA,6:17:14,40596
Chicago,2017,JOSE SATRIA,6:22:50,41144
Chicago,2017,GLENN SEBASTIAN,5:07:02,28702
Chicago,2017,DINI SEPTIANI,5:20:30,31610
Chicago,2017,FENNY SETIONO,6:26:01,41473
Chicago,2017,IRMA SETYOWATI,6:18:13,40671
Chicago,2017,OKI SIREGAR,4:39:43,21339
Chicago,2017,REVI SITOMPUL,6:51:15,43092
Chicago,2017,RONALD SITOMPUL,4:47:22,23424
Chicago,2017,ARDJUNA SITORUS,5:59:24,38539
Chicago,2017,ARTO SOEGIH,5:50:01,37053
Chicago,2017,HOLIP SOEKAWAN,6:26:01,41472
Chicago,2017,LEO SULAIMAN,5:09:24,29198
Chicago,2017,MICHAEL SUPIT,6:04:28,39142
Chicago,2017,SULISTIAWATI SUPRAPTO,5:07:08,28725
Chicago,2017,INDRA SUPRIADI,5:45:43,36355
Chicago,2017,NURSYAMSI SURYA,6:18:56,40743
Chicago,2017,WENDRO SUSANTO,5:55:36,37965
Chicago,2017,ALEX SUTEDJA,4:34:21,19879
Chicago,2017,LAUZA SUTOWO,5:19:50,31486
Chicago,2017,MAULANA SUTOWO,4:31:07,19018
Chicago,2017,GABRIEL SWASTONO,6:54:58,43243
Chicago,2017,DIANA TAJUDDIN,5:24:21,32436
Chicago,2017,RINA TAMBUNAN,4:51:54,24668
Chicago,2017,JUCHIRO TAMPI,3:51:21,8504
Chicago,2017,SUCHANDRA TANJUNG,5:52:29,37468
Chicago,2017,RETI TIBULUDJI,5:44:22,36124
Chicago,2017,INGRID TJAHYADI,6:21:53,41053
Chicago,2017,ARDIAN TRISURA,6:24:45,41336
Chicago,2017,CHRESTOFEL UNEPUTTY,5:38:26,35135
Chicago,2017,ABDI UTAMA,5:18:10,31137
Chicago,2017,EMMA WAROKKA,5:43:11,35935
Chicago,2017,LOVY WENCY,5:54:56,37862
Chicago,2017,DICKIE WIDJAJA,5:59:23,38538
Chicago,2017,FRITZ WINATA,4:53:22,25084
Chicago,2017,YARITA WITOELAR,6:20:09,40871
Chicago,2018,ELSON ACEMAN,4:07:31,16398
Chicago,2018,RASYID ADISANTOSO,5:44:04,38845
Chicago,2018,LEONARD AGUS,6:11:09,41554
Chicago,2018,SALIM AGUS,3:50:57,11249
Chicago,2018,IDRUS AHMAD,4:29:50,23020
Chicago,2018,FUAD ALHADI,4:57:39,30677
Chicago,2018,SVIDA ALISJAHBANA,6:21:23,42323
Chicago,2018,FLORENTIA AMBARUKMI,6:46:40,43606
Chicago,2018,LINA AMRAN,6:30:52,42903
Chicago,2018,DINA ANDINI,6:18:30,42089
Chicago,2018,DWI ANGGRAINI,5:35:43,37692
Chicago,2018,DESSY ARFIANNI,5:37:34,37959
Chicago,2018,FILIA ARGA,5:31:33,37069
Chicago,2018,RAMON ARMANDO,5:27:41,36503
Chicago,2018,ARSI ARYANTO,6:41:22,43400
Chicago,2018,NURUL ATIFATI,6:25:53,42616
Chicago,2018,GENIO ATYANTO,4:15:13,18664
Chicago,2018,TIESSA AUDIA,6:27:02,42699
Chicago,2018,NISHA BHAMBHANI,5:02:31,31821
Chicago,2018,FNU BOIMIN,5:42:21,38606
Chicago,2018,ERI BUDIONO,5:42:24,38616
Chicago,2018,IRWAN CHANDRA,4:54:00,29671
Chicago,2018,MARIA CHANDRA,4:48:01,28058
Chicago,2018,RIYANTO CHANDRA,4:20:39,20220
Chicago,2018,NALENDRA CHARISMAWAN,4:48:15,28117
Chicago,2018,HOTDORIA CHATARINA,5:42:46,38659
Chicago,2018,ONELLYANTIE CHUAH,5:04:39,32288
Chicago,2018,DEWI DAMAYANTI,6:20:28,42236
Chicago,2018,FUNGNIWATI DARMAWAN,6:24:26,42524
Chicago,2018,NGADIMAN DATI,5:15:04,34250
Chicago,2018,GREGORIUS DERMAWAN,4:07:23,16360
Chicago,2018,SUNGKONO DERMAWAN,6:11:11,41557
Chicago,2018,VANIA DESIYANTI,4:36:55,25066
Chicago,2018,ANAK DEWI,6:07:42,41262
Chicago,2018,ADE ECHIZENYA,4:40:02,25899
Chicago,2018,ERNAWATI ERNAWATI,4:35:39,24682
Chicago,2018,EMIRA ESMERALDA,5:34:57,37565
Chicago,2018,MIKUNI GANI,4:37:10,25149
Chicago,2018,VIANI GERUNGAN,6:21:03,42298
Chicago,2018,THEO GINTING,4:26:15,21900
Chicago,2018,ANDRIE GOTAMA,6:30:29,42884
Chicago,2018,MANISSA GUNADI,4:49:00,28300
Chicago,2018,DENNY GURNADI,4:53:13,29447
Chicago,2018,BENNY HADISURJO,4:52:57,29362
Chicago,2018,ASWIN HADITANOJO,6:07:33,41248
Chicago,2018,MADU HADITONO,4:51:15,28904
Chicago,2018,BUDI HALIM,4:19:38,19935
Chicago,2018,MUKARRAMA HAMDI,6:13:14,41712
Chicago,2018,PRAMITA HARIJANTO,5:48:02,39349
Chicago,2018,HANDI HARTANTO,5:00:12,31315
Chicago,2018,RUDY HARTONO,5:47:05,39231
Chicago,2018,HASNA HASNA,6:58:53,43878
Chicago,2018,MARIA HENDRIKA,6:00:19,40676
Chicago,2018,SUNGKAR HOUTAMA,4:39:09,25663
Chicago,2018,TJEN HUI,4:03:01,15211
Chicago,2018,MARIANTY INDIRA,5:51:04,39677
Chicago,2018,ELIANA IPUNG,4:55:59,30208
Chicago,2018,JESSELLY JESSELLY,3:46:39,9955
Chicago,2018,PRAYUDI JOEDJONO,5:48:02,39352
Chicago,2018,NAUVALL JULIANSYAH,4:27:58,22419
Chicago,2018,JOLLY JULIAWATI,5:40:48,38398
Chicago,2018,JUSWANDI JUSWANDI,6:26:45,42684
Chicago,2018,MEYKE KANG,5:43:53,38826
Chicago,2018,FERRY KANGSADJAJA,3:54:59,12572
Chicago,2018,FERMICO KARAMBUT,5:27:18,36441
Chicago,2018,HIDAYAH KARAMOY,5:46:46,39188
Chicago,2018,SAMUEL KARIONO,6:08:22,41313
Chicago,2018,MERIAM KATOMBO,6:22:46,42406
Chicago,2018,SOEHENDRO KOSASIH,3:28:34,5388
Chicago,2018,ALEXANDER KUNTORO,5:06:59,32762
Chicago,2018,LINDA KURNIAWAN,5:08:29,33016
Chicago,2018,DIDI LAKSANA,6:27:02,42700
Chicago,2018,JOHON LAURENS,6:23:31,42458
Chicago,2018,LANNY LEIMAN,4:26:57,22124
Chicago,2018,ANDREW LIMANTO,4:12:45,17937
Chicago,2018,HELEN LUCIANA,4:37:20,25183
Chicago,2018,SOOLEIMAN MAKA,5:39:15,38202
Chicago,2018,ROBERTO MANGUNSONG,4:56:31,30379
Chicago,2018,HANNY MANTHOVANY,6:18:39,42108
Chicago,2018,RONAL MANURUNG,4:29:10,22804
Chicago,2018,DASWAR MARPAUNG,7:13:50,44130
Chicago,2018,NIKO MATIAS,4:46:06,27543
Chicago,2018,ERTANTO MILANO,5:00:06,31291
Chicago,2018,ELLY MINIARTI,4:44:26,27070
Chicago,2018,DENNI MUHARAM,5:02:47,31882
Chicago,2018,ALEXANDER MULIADI,6:18:53,42127
Chicago,2018,NI MULIYATI,5:12:29,33777
Chicago,2018,MULYADI MULYADI,5:14:25,34129
Chicago,2018,NADIA NASOETION,5:28:35,36658
Chicago,2018,HERWAN NG,5:13:24,33922
Chicago,2018,SHANTY NOVITA,6:03:00,40912
Chicago,2018,UBAIDILLAH NUGRAHA,7:39:59,44381
Chicago,2018,RACHMAN NUR,4:16:31,19046
Chicago,2018,AHMAD NURHANI,6:06:20,41156
Chicago,2018,ELI NURLIYAH,5:47:56,39336
Chicago,2018,NUNI NURNANINGSIH,5:51:58,39773
Chicago,2018,NURSIH NURSIH,5:15:44,34368
Chicago,2018,RUTHY OCTAVIA,5:16:30,34514
Chicago,2018,FARRY ONGKOWIDJAJA,4:11:16,17529
Chicago,2018,ERWARD OSCKAR,4:27:16,22226
Chicago,2018,YAN PARTAWIJAYA,4:09:24,16979
Chicago,2018,WILIANTO POALER,5:02:20,31779
Chicago,2018,THOMAS PRABOWO,4:52:28,29231
Chicago,2018,ARIEF PRADETYA,3:50:43,11175
Chicago,2018,SITI PRADITHYA,6:35:43,43141
Chicago,2018,ADE PUTRI,4:24:07,21264
Chicago,2018,ARIE QUICK,6:17:10,42018
Chicago,2018,DINA RACHMAN,7:37:23,44363
Chicago,2018,ARIEF RACHMATTULLOH,4:09:40,17061
Chicago,2018,AJANI RAHADIANY,4:45:31,27379
Chicago,2018,MUHAMAD RAKSITRIANAWAN,5:13:53,34019
Chicago,2018,DINAR RALIA,7:38:16,44369
Chicago,2018,ALEXANDER RASJID,5:34:54,37560
Chicago,2018,RICKY RICKY,5:33:35,37353
Chicago,2018,WISATAWATI ROHMANI,5:51:59,39777
Chicago,2018,CHAIRINA RUBBANY,5:25:24,36130
Chicago,2018,NOVIANA SADIKIN,4:05:16,15778
Chicago,2018,ANDRIO SAFIRO,5:13:08,33878
Chicago,2018,SJAFRIANDI SALEH,5:37:12,37912
Chicago,2018,ALYA SANI,6:25:00,42556
Chicago,2018,JEFFRY SANJAYA,4:26:36,22019
Chicago,2018,TONY SANTOSO,6:42:57,43469
Chicago,2018,OCTO SAPUTRA,4:48:11,28098
Chicago,2018,DHINA SARI,5:52:22,39826
Chicago,2018,DYMAS SATRIOPROJO,7:06:26,44012
Chicago,2018,YULVIRA SAVINDRI,4:42:48,26633
Chicago,2018,ANDRI SETIABUDI,5:28:03,36555
Chicago,2018,ADRIANUS SETIADI,4:29:20,22851
Chicago,2018,MICHAEL SETYAWAN,6:06:34,41176
Chicago,2018,SHIRLEY SHINTA,7:07:47,44036
Chicago,2018,FITRA SIMMONS,5:24:59,36062
Chicago,2018,YULIE SINTA,4:44:45,27167
Chicago,2018,REVI SITOMPUL,6:57:21,43853
Chicago,2018,LINA SOELIANTO,4:47:44,27977
Chicago,2018,IVONNE SOENJOTO,5:13:37,33965
Chicago,2018,HARRY SOERIAATMADJA,4:28:16,22517
Chicago,2018,MARIA SOSROSEPU,6:21:48,42352
Chicago,2018,ARDIAN STEFANUS,5:13:37,33962
Chicago,2018,JOE STEVEN,6:21:29,42333
Chicago,2018,SUDJONO SUDJONO,4:18:01,19468
Chicago,2018,AMELIA SUKARMAN,5:28:46,36699
Chicago,2018,YANNE SUKMAWATI,5:49:24,39510
Chicago,2018,TJIOE SURYADI,6:13:32,41739
Chicago,2018,SURYANTORO SURYANTORO,4:52:33,29244
Chicago,2018,ANDRE SUSANTO,4:29:59,23056
Chicago,2018,BUDIYANTO SUSANTO,4:45:14,27308
Chicago,2018,FRANCISCA SUTANTO,6:09:10,41385
Chicago,2018,JEFFREY SUTANTO,4:47:05,27816
Chicago,2018,DARSONO SUTARMAN,4:03:39,15368
Chicago,2018,MAYA SUWANDONO,5:17:31,34711
Chicago,2018,RIKA SWAINSON,5:49:24,39513
Chicago,2018,WANTI SYAIFULLAH,5:34:53,37556
Chicago,2018,AGUS TAMIN,4:22:47,20864
Chicago,2018,HANDY TAMIN,5:48:02,39353
Chicago,2018,SURADI TAMIN,5:16:42,34553
Chicago,2018,SALLY TANUDJAJA,4:01:39,14838
Chicago,2018,OCTAVIANUS TEDJOJUWONO,4:59:16,31089
Chicago,2018,HERNANDO TERLIATAN,4:47:37,27947
Chicago,2018,THE THESJEN,3:26:14,4892
Chicago,2018,IRENE THESMAN,5:42:16,38592
Chicago,2018,RIJAN TIANUS,4:30:01,23069
Chicago,2018,PRATAMA TIMOR,5:11:59,33684
Chicago,2018,ANIE TIRTONO,4:13:19,18104
Chicago,2018,ESTIRA TIYASSIH,6:08:38,41335
Chicago,2018,RATNA TRIKUNIANTI,6:25:46,42611
Chicago,2018,ROBERT TUMIWA,5:41:15,38460
Chicago,2018,OZAL UDAYA,5:54:53,40131
Chicago,2018,HENRY USMAN,4:11:37,17628
Chicago,2018,JOHNY USMAN,3:50:25,11079
Chicago,2018,BAGUS UTOMO,4:52:30,29234
Chicago,2018,HANDOKO UTOMO,4:18:21,19567
Chicago,2018,HAN VE,4:25:27,21664
Chicago,2018,BONG VONA,5:19:30,35083
Chicago,2018,JOVINUS WAHYU,6:09:41,41430
Chicago,2018,RETNO WAHYUNINGSIH,5:36:26,37803
Chicago,2018,CHRISTIAN WANANDI,5:38:43,38120
Chicago,2018,DARMAWAN WARDHANA,3:47:56,10320
Chicago,2018,TANZA WARGANEGARA,4:58:58,31002
Chicago,2018,TRY WIBOWO,6:18:39,42110
Chicago,2018,ROSI WIDITO,6:20:29,42239
Chicago,2018,CHANDRA WIDJAJA,4:35:47,24727
Chicago,2018,SYLVIA WIDJAJA,5:18:48,34956
Chicago,2018,BAYU WIDYANTO,4:26:52,22098
Chicago,2018,ADI WIJAYA,6:21:13,42310
Chicago,2018,RIKI WIJAYA,4:08:39,16752
Chicago,2018,PURWANINGSIH WIJI,5:59:03,40552
Chicago,2018,RYAN WIRASASMITA,4:15:37,18776
Chicago,2018,GINNY WIRAWAN,4:39:52,25855
Chicago,2018,SUZANNA ZAS,6:17:57,42051
Chicago,2018,ANZRI ZULFIKAR,7:40:04,44384
Chicago,2019,NANO ACHMAD,6:17:06,43388
Chicago,2019,DINA ADJARADJI,4:40:57,28181
Chicago,2019,LEONARD AGUS,6:11:34,42940
Chicago,2019,BIMA AGUSTIONO,6:11:33,42938
Chicago,2019,AMADEUS AHNAN,5:47:16,40504
Chicago,2019,FARADILA AISNAINI,5:28:55,38036
Chicago,2019,DEBBY ALISHINTA,5:06:31,34265
Chicago,2019,AFRA AMALIA,6:18:57,43544
Chicago,2019,FRISTY ANDISUWA,4:04:55,17987
Chicago,2019,HERA ANDRAYANI,7:01:25,45273
Chicago,2019,MARIO ANDROETTI,6:40:04,44704
Chicago,2019,DEVI APRISTOWATI,6:41:04,44740
Chicago,2019,FILIA ARGA,5:38:07,39333
Chicago,2019,WIRADITYA ARGA,5:38:07,39332
Chicago,2019,ALBERT ARIFIN,6:24:21,43904
Chicago,2019,AWANG ARINDA,6:12:21,43008
Chicago,2019,NOVIA ARTINI,5:57:46,41738
Chicago,2019,JOSHUA ASALI,5:42:59,39961
Chicago,2019,ALFIAN BANGUN,4:29:20,25064
Chicago,2019,ARTUR BATUBARA,5:35:10,38914
Chicago,2019,DIEYAN BERNARD,4:08:25,18928
Chicago,2019,ROBBYANTO BUDIMAN,5:17:46,36181
Chicago,2019,EDBERT BUDIONO,5:26:24,37607
Chicago,2019,WIDIK CIPTHADI,6:01:02,42059
Chicago,2019,ADI DARMAPUTRA,5:57:20,41682
Chicago,2019,OKI DERMAWAN,4:38:52,27627
Chicago,2019,SUNGKONO DERMAWAN,6:36:36,44543
Chicago,2019,SHINTA DEWANTI,5:49:57,40835
Chicago,2019,LISA DEWI,3:54:56,14578
Chicago,2019,SASHA DHITA,6:57:18,45187
Chicago,2019,FI DJAP,6:20:10,43615
Chicago,2019,ADLAN DJOHAN,4:45:55,29484
Chicago,2019,ADE ECHIZENYA,4:51:30,30897
Chicago,2019,FRANSISKA EKASARI,5:25:23,37448
Chicago,2019,SANTHI ELIZABETH,4:52:20,31096
Chicago,2019,SURYADI ERNAWAN,5:32:34,38568
Chicago,2019,EVELYN EVELYN,5:53:19,41227
Chicago,2019,SOFYAN FATKHUROHMAN,5:27:43,37828
Chicago,2019,NURLENI FEBRIANA,5:40:39,39656
Chicago,2019,JASHINTA FELYCIA,6:32:08,44333
Chicago,2019,RULLY FERDIANSYAH,3:47:23,11979
Chicago,2019,KON FI,6:10:59,42878
Chicago,2019,ARIF FINATA,5:11:45,35203
Chicago,2019,FITRIANI FITRIANI,5:15:27,35803
Chicago,2019,ERLY FITRIANTI,5:30:45,38314
Chicago,2019,RIE FO,4:38:17,27478
Chicago,2019,SUMARSONO GAN,6:04:15,42362
Chicago,2019,PAULUS GANDHANYA,6:18:32,43507
Chicago,2019,SIAUW GO,4:47:33,29922
Chicago,2019,INDRAWATI GOENAWAN,4:27:04,24344
Chicago,2019,OSCAR GOMULIA,5:54:46,41379
Chicago,2019,SANTIH GUNAWAN,4:03:18,17523
Chicago,2019,ANDY GUSENA,5:06:44,34308
Chicago,2019,ALLIZA HADIJAT,6:31:38,44315
Chicago,2019,EVAN HADIWONO,4:50:51,30746
Chicago,2019,IWAN HALIM,5:56:16,41571
Chicago,2019,NASUTION HAMZAH,5:02:35,33451
Chicago,2019,ALIA HANY,5:51:34,41012
Chicago,2019,MINNANDA HAPSYARIE,4:55:49,31931
Chicago,2019,SOEJONO HARI,4:32:26,25910
Chicago,2019,FENNY HARMON,5:02:09,33359
Chicago,2019,RUDY HARTONO,5:15:02,35722
Chicago,2019,ALVIN HARYANTO,6:39:50,44700
Chicago,2019,MADANDAS HEMNANI,5:12:27,35313
Chicago,2019,AGUS HERMAWAN,5:15:13,35751
Chicago,2019,RICKY HERMAWAN,6:47:59,44971
Chicago,2019,MARIO HIDAYAT,4:29:07,24982
Chicago,2019,GIDEON HUTAHAEAN,5:52:53,41179
Chicago,2019,MATIAS IBO,4:15:13,20896
Chicago,2019,ROBERTUS ILHAM,6:34:10,44436
Chicago,2019,CHRISTIN ISKANDAR,5:27:02,37709
Chicago,2019,RIO JULIAN,4:37:59,27392
Chicago,2019,RENO JUNIRMAN,6:55:21,45149
Chicago,2019,WILLIAM KAM,4:21:02,22641
Chicago,2019,MEYKE KANG,5:28:57,38046
Chicago,2019,RUBY KARYADI,5:44:40,40183
Chicago,2019,KHI KUN,4:24:53,23734
Chicago,2019,DONNY KUSUMA,6:11:16,42901
Chicago,2019,CANNIGIA LALUW,4:21:06,22662
Chicago,2019,HERMAN LAY,5:33:54,38745
Chicago,2019,DJAJA LEE,4:04:52,17970
Chicago,2019,LAUW LEO,4:40:12,27982
Chicago,2019,DWI LESTARININGSIH,5:44:26,40156
Chicago,2019,HENGKI LESTONO,4:20:12,22361
Chicago,2019,LIE LIDYA,6:16:04,43308
Chicago,2019,ROY LIE,3:41:22,10202
Chicago,2019,MIRA LIEM,4:54:17,31582
Chicago,2019,EDISON MANALU,4:27:45,24542
Chicago,2019,RISTIANA MANAO,7:51:16,45746
Chicago,2019,ARIA MANDALA,5:49:49,40813
Chicago,2019,USMAN MARDHANI,4:14:46,20761
Chicago,2019,SAMUEL MARIO,4:29:07,24983
Chicago,2019,MALDINI MARPAUNG,5:31:07,38377
Chicago,2019,NAIDA MELISKA,4:34:38,26507
Chicago,2019,ADHNI MULACHELA,5:08:41,34629
Chicago,2019,NI MULIYATI,5:19:23,36455
Chicago,2019,NURKAMA NASMIKO,4:29:16,25036
Chicago,2019,WILLY NG,4:40:55,28168
Chicago,2019,YONG NG,6:10:58,42877
Chicago,2019,WINSTON NJOMIN,5:56:13,41559
Chicago,2019,SISKA NOVERINA,5:20:29,36631
Chicago,2019,JOHAN NUGRAHA,5:16:20,35940
Chicago,2019,BAYU NUGROHO,6:16:04,43307
Chicago,2019,TEDDY OETOMO,4:28:11,24663
Chicago,2019,JIMMY PANGESTOE,3:10:33,3309
Chicago,2019,RIZALUL PASUNDANI,5:38:49,39420
Chicago,2019,ANTARIUS PATIARA,4:51:08,30817
Chicago,2019,JOMIMA PAULINA,4:23:00,23181
Chicago,2019,GILANG PERMANA,5:37:57,39306
Chicago,2019,PETINA PETINA,5:28:02,37884
Chicago,2019,JABEZ PIETERS,4:33:29,26220
Chicago,2019,LINA PRAMAWATI,5:54:57,41405
Chicago,2019,WIENTORO PRASETYO,4:28:26,24759
Chicago,2019,KRISTINA PRATIWI,5:35:34,38963
Chicago,2019,DONNA PRIADI,5:58:43,41833
Chicago,2019,YOVIE PRIADI,5:58:43,41830
Chicago,2019,NOKA PRIHASTO,5:18:19,36269
Chicago,2019,WILLY PRIYOKO,5:35:55,39020
Chicago,2019,KONG PUK,3:59:16,16272
Chicago,2019,MASTA PURBA,5:02:09,33361
Chicago,2019,RIZKY PUTRA,5:07:01,34362
Chicago,2019,ARIE QUICK,6:12:08,42985
Chicago,2019,HERMAN RAMLI,5:47:45,40566
Chicago,2019,KRISHNA RINALDI,6:07:17,42582
Chicago,2019,FEBRY RIZQIARDIHATNO,5:56:50,41628
Chicago,2019,ELYAN ROBERT,4:33:25,26199
Chicago,2019,ARIANTO RUDJITO,5:52:58,41189
Chicago,2019,RUSNA RUSNA,5:33:13,38659
Chicago,2019,GHANI SABDIN,5:04:41,33896
Chicago,2019,WILLY SAELAN,3:55:31,14792
Chicago,2019,AGUS SALIM,4:52:22,31105
Chicago,2019,USMAN SALIM,4:36:05,26870
Chicago,2019,GUNAWAN SAMIADJI,5:12:04,35245
Chicago,2019,STEVEN SAMUDERA,4:03:41,17632
Chicago,2019,RESSY SANDRINA,4:15:11,20887
Chicago,2019,DARDITYO SANTOSO,5:02:58,33542
Chicago,2019,BENYAMIN SAPIIE,5:14:21,35604
Chicago,2019,SYLVIA SARDY,5:35:44,38987
Chicago,2019,ARIZA SARI,6:30:41,44274
Chicago,2019,INDAH SARI,6:17:41,43436
Chicago,2019,THEO SATRIA,5:45:57,40332
Chicago,2019,ROSWIDA SIDAURUK,6:04:13,42354
Chicago,2019,FITRA SIMMONS,4:59:20,32821
Chicago,2019,MARTIN SIMORANGKIR,5:23:23,37123
Chicago,2019,ANDRI SINAGA,5:48:10,40616
Chicago,2019,CHRYSOLOGUS SINULINGGA,6:33:32,44408
Chicago,2019,REVI SITOMPUL,7:48:12,45736
Chicago,2019,FERNANDO SITORUS,4:55:11,31804
Chicago,2019,DANNY SIWU,4:12:40,20161
Chicago,2019,HANDY SOETEDJO,6:22:07,43753
Chicago,2019,ARYO SOEWARTO,4:55:35,31877
Chicago,2019,UTAMI SRI,5:49:57,40839
Chicago,2019,ARIEF SUBROTO,7:01:01,45268
Chicago,2019,AGUNG SUCAHYO,6:57:43,45196
Chicago,2019,SURYO SUDARMADI,5:50:36,40909
Chicago,2019,SETIAWAN SUDHARMA,4:45:14,29305
Chicago,2019,MOHAMAD SUGIRIN,5:11:03,35065
Chicago,2019,HANA SUGOTO,5:04:07,33784
Chicago,2019,TUTI SULUSIAH,5:43:46,40052
Chicago,2019,FERLIANA SUMINTO,5:30:42,38309
Chicago,2019,ARIS SUNARTO,6:31:39,44318
Chicago,2019,MARIA SUPARNO,4:39:05,27683
Chicago,2019,IGNATIUS SURADILAYA,5:55:47,41503
Chicago,2019,SURATNO SURATNO,5:28:58,38048
Chicago,2019,BUDIMAN SUSANTO,6:11:32,42937
Chicago,2019,ECEP SUWARDANIYASA,5:10:51,35030
Chicago,2019,RISA SYAHRANIE,5:55:47,41505
Chicago,2019,SEAN TAN,6:11:21,42916
Chicago,2019,FITRIWATY TANUWIJAYA,4:52:14,31061
Chicago,2019,DEVIYANTI TARIGAN,6:18:11,43472
Chicago,2019,VANIA TARMEDHI,5:43:51,40067
Chicago,2019,RONNY TEDJA,4:20:02,22325
Chicago,2019,FANNY THOMAS,4:22:14,22983
Chicago,2019,MELINA TIO,5:23:46,37206
Chicago,2019,TITUS TITUS,4:31:48,25747
Chicago,2019,VIVI TJANDRA,6:10:44,42860
Chicago,2019,JOHAN TJIANG,4:06:01,18285
Chicago,2019,DENISE TJOKROSAPUTRO,5:35:40,38975
Chicago,2019,MAURA TUPAMAHU,4:15:04,20843
Chicago,2019,TAUFIK UDASMARA,6:26:39,44034
Chicago,2019,SANTY ULI,5:43:01,39968
Chicago,2019,JUSTINUS UTOMO,6:18:27,43501
Chicago,2019,MUFTI UTOMO,4:15:45,21051
Chicago,2019,DRONGELEN VAN,5:36:47,39140
Chicago,2019,RYAN WARDHANA,5:24:46,37351
Chicago,2019,JOHAN WAWORUNTU,5:23:01,37067
Chicago,2019,SETIAWAN WICAKSONO,4:44:14,29040
Chicago,2019,MARRISA WIDIYANTI,3:54:29,14391
Chicago,2019,NINI WIDJAJA,6:48:21,44984
Chicago,2019,SILVIA WIDJAJA,4:00:11,16630
Chicago,2019,DWI WIJAYANTO,5:14:02,35556
Chicago,2019,JANA WINATAPRADJA,5:32:30,38560
Chicago,2019,NINA WINOTO,4:57:31,32378
Chicago,2019,FERRY WIRIANTO,5:39:47,39542
Chicago,2019,RIYO WISAKSONO,4:32:25,25908
Chicago,2019,MAHENDRA YAHYA,8:18:25,45823
Chicago,2019,DICKY YORDAN,4:04:25,17839
Chicago,2019,AZHARI YUDAS,6:50:09,45027
Chicago,2019,YULIANUS YULIANUS,3:46:20,11681
Chicago,2019,SAWITRI YUWONO,5:02:00,33339
Chicago,2019,SUZANNA ZAS,6:09:52,42801
Chicago,2021,FILIA ARGA,5:28:11,20165
Chicago,2021,ESTERENIA ARMANTO-DEDDENS,5:46:17,21981
Chicago,2021,YUSRON FAUZAN,5:06:56,17498
Chicago,2021,ASWIN HADITANOJO,6:00:10,23140
Chicago,2021,MARCELLA HARTONO,7:00:42,25872
Chicago,2021,KUMALASARI KARTINI,6:11:21,23915
Chicago,2021,REGINA KOROMPIS,4:38:32,13018
Chicago,2021,NI MULIYATI,5:06:12,17409
Chicago,2021,EVAN MULYANA,5:43:51,21785
Chicago,2021,HEYDI RININTA,4:49:34,14891
Chicago,2021,EMIL SALIM,4:36:58,12744
Chicago,2021,MARLINE SANTOSA,5:26:03,19937
Chicago,2021,HAKIM SATRIYO,6:26:35,24807
Chicago,2021,DAVE SEBASTIAN,4:40:38,13366
Chicago,2021,RIRIS SIREGAR,6:27:48,24873
Chicago,2021,RAFAEL SUMALI,5:54:35,22692
Chicago,2021,HANNY SUNARTO,5:30:13,20407
Chicago,2021,HERDIANI SUNARTO,4:48:35,14749
Chicago,2021,YOPI YOPI,4:10:05,8272
Chicago,2022,SOFIAN -,5:42:42,33975
Chicago,2022,GIBRAN ABIDIN,4:44:01,24761
Chicago,2022,MIRANDA ADIANTI,5:00:42,28175
Chicago,2022,KATHARINA AGETHA,6:07:45,36386
Chicago,2022,LEONARD AGUS,6:26:58,37629
Chicago,2022,NATASHA AMANDA,5:12:34,30021
Chicago,2022,FADCHI AMIZADE,4:38:30,23523
Chicago,2022,HENNY ANGGRAINI,3:47:49,11111
Chicago,2022,EDOARDUS ARDIANTO,3:49:05,11432
Chicago,2022,ARRESTO ARIO,4:30:13,21691
Chicago,2022,TAGAFI ASOLIH,4:49:52,25972
Chicago,2022,SHINTA AUGER,5:37:08,33336
Chicago,2022,PARLUHUTAN BIMA,5:16:55,30674
Chicago,2022,DUSKI BINTI,5:35:45,33184
Chicago,2022,ICHSAN BUDIARSO,6:00:21,35789
Chicago,2022,WIDADI CAHYADI,2:59:14,1937
Chicago,2022,ELIZA CHANDRA,3:14:30,3927
Chicago,2022,STEVANUS CHANDRA,4:52:01,26397
Chicago,2022,DEVI DAUD,5:07:01,29155
Chicago,2022,HAKEEM DAUD,4:59:20,27920
Chicago,2022,INDRA DERMAWAN,6:37:45,38115
Chicago,2022,SUNGKONO DERMAWAN,6:51:42,38574
Chicago,2022,TITTO DEVIANTO,6:11:04,36624
Chicago,2022,DIONESIA DEWAYANI,4:11:42,17344
Chicago,2022,BAYU EDMIRALDA,6:05:56,36248
Chicago,2022,FAOZAN EFENDI,4:25:10,20439
Chicago,2022,AMARILIA ESMERALDA,6:08:33,36443
Chicago,2022,EUNIKE EUNIKE,4:53:46,26744
Chicago,2022,ACHMAD FAIZAL,6:03:00,36013
Chicago,2022,ADHISTYA FEBRIANI,6:10:53,36606
Chicago,2022,FIFI FIANA,7:01:57,38785
Chicago,2022,INGRID FIRMANSJAH,4:02:13,15206
Chicago,2022,AUDIE FITRADI,4:38:37,23551
Chicago,2022,SITIMILA GARMILAH,6:30:56,37864
Chicago,2022,JANIS GUNAWAN,5:04:13,28731
Chicago,2022,ARISTO HALIM,4:03:23,15468
Chicago,2022,CHRISTIAN HAMDANI,4:55:07,27025
Chicago,2022,MOHAMMAD HARAHAP,4:09:38,16889
Chicago,2022,TONY HARIMAN,4:31:52,22062
Chicago,2022,FAJAR HARIYANTO,4:44:22,24838
Chicago,2022,RUDY HARTONO,6:21:16,37293
Chicago,2022,YUSA HARYADI,3:35:48,8331
Chicago,2022,EDWIN HENDRIADI,4:21:00,19484
Chicago,2022,BAMBANG HERMANTO,6:08:36,36447
Chicago,2022,ARIANTO HERMAWAN,3:34:14,7998
Chicago,2022,SISKA HERRANI,5:23:24,31625
Chicago,2022,PIENG HOO,4:15:23,18197
Chicago,2022,ANDREW ICHWAN,3:47:18,10970
Chicago,2022,KARTIKA IDROES,5:53:15,35095
Chicago,2022,ALWI IDRUS,5:15:30,30464
Chicago,2022,FEBRIAN IHSAN,4:53:49,26754
Chicago,2022,JAMIL IHSAN,5:05:00,28856
Chicago,2022,WIBISANA INDRIA,5:58:58,35675
Chicago,2022,IRA INDRIANI,6:13:19,36772
Chicago,2022,RETNO INDRIASTUTI,4:37:11,23232
Chicago,2022,TJHANG IWAN,3:49:11,11467
Chicago,2022,HARDY KADARMAN,7:16:12,38960
Chicago,2022,PATRICK KALONA,5:03:45,28664
Chicago,2022,EVA KARTIKA,3:57:19,13830
Chicago,2022,NATALIE KARTORAHARDJO,4:46:12,25210
Chicago,2022,FADLUN KASAU,5:58:21,35618
Chicago,2022,KELVIN KELVIN,3:50:05,11721
Chicago,2022,KHANIFAH KHANIFAH,4:46:10,25207
Chicago,2022,FAB KIUN,3:52:46,12393
Chicago,2022,JOYCE KURNIAWAN,7:13:53,38939
Chicago,2022,DINI KUSUMAWARDHANI,5:44:17,34166
Chicago,2022,SORAYA LARASATI,3:51:58,12158
Chicago,2022,TANTONO LAUTAN,6:18:46,37139
Chicago,2022,YULIUS LEONARDO,5:29:19,32423
Chicago,2022,SULISTYANI LESMANA,6:19:18,37175
Chicago,2022,DYNA LEVINTA,6:10:45,36597
Chicago,2022,VICKY LIE,5:46:15,34390
Chicago,2022,ERNA LINCIEWATI,4:23:34,20064
Chicago,2022,LENNY LINENG,4:34:18,22630
Chicago,2022,JANTO LIU,3:46:40,10808
Chicago,2022,JENNY LUMANTO,5:45:05,34255
Chicago,2022,HERMAN MALLIAN,4:26:14,20690
Chicago,2022,JERRY MAMBAITFETO,3:18:52,4672
Chicago,2022,DANIEL MANANTA,3:46:56,10883
Chicago,2022,EVALINA MELIALA,4:38:29,23518
Chicago,2022,DEBBY MEYLIA,3:19:13,4749
Chicago,2022,MULIADI MULIADI,4:05:17,15892
Chicago,2022,NI MULIYATI,5:17:05,30703
Chicago,2022,EDWIN NAFARIN,6:40:35,38222
Chicago,2022,MIRA NURAHMIDAH,4:26:35,20773
Chicago,2022,PUTRI OCTARINA,6:09:23,36498
Chicago,2022,CENDY OCTAVIAN,4:42:29,24433
Chicago,2022,BENNY OKTAVIANO,5:34:32,33028
Chicago,2022,DAVID OLOAN,5:25:20,31896
Chicago,2022,ERWARD OSCKAR,4:38:25,23502
Chicago,2022,ADITYA PAMUNGKAS,3:14:45,3969
Chicago,2022,CAROL PIETER,4:33:46,22518
Chicago,2022,ANGGUN PRATAMA,5:27:03,32121
Chicago,2022,HERMIN PUSPA,6:33:50,37983
Chicago,2022,EDWARD PUTERA,5:20:53,31269
Chicago,2022,ALDILA PUTRI,4:29:55,21624
Chicago,2022,MIKE RAHAYU,3:51:33,12064
Chicago,2022,RIZKY RAHMADHANY,4:39:50,23839
Chicago,2022,JIMMY RANDIATMOKO,4:13:52,17846
Chicago,2022,EKO RETNANI,4:58:52,27821
Chicago,2022,HANG RIDHAN,5:58:20,35614
Chicago,2022,MOHAMMAD SALAHUDDIN,4:41:56,24301
Chicago,2022,MARINA SALIM,6:01:10,35858
Chicago,2022,MARCO SAPUTRA,5:32:30,32792
Chicago,2022,NATHALIA SAPUTRA,4:48:22,25662
Chicago,2022,ANDY SARDJITO,4:31:57,22087
Chicago,2022,RENDY SAROSO,4:18:23,18902
Chicago,2022,JEANILO SARTONO,4:01:03,14946
Chicago,2022,ANTONIUS SATRIA,6:01:19,35873
Chicago,2022,DYAH SAVITRI,5:21:00,31294
Chicago,2022,CHARLEY SELIANG,4:55:58,27213
Chicago,2022,LINTO SENJAIRAMA,5:36:19,33244
Chicago,2022,DHANDY SETIABUDI,4:46:12,25211
Chicago,2022,ASMARA SISWANDARI,5:06:30,29083
Chicago,2022,AILIY SOEGIMIN,6:18:43,37135
Chicago,2022,DHANAWAN SOEGONDO,5:24:23,31757
Chicago,2022,LANG SU,6:10:25,36571
Chicago,2022,RACHMAT SUGIANTO,4:12:03,17415
Chicago,2022,YIMMY SUGIANTO,5:38:34,33491
Chicago,2022,ANDREAS SUKOWIJOYO,4:44:08,24782
Chicago,2022,EDWIN SUKRI,4:16:16,18398
Chicago,2022,SUMALI SUMALI,5:58:19,35613
Chicago,2022,SRI SUSANTI,4:49:53,25974
Chicago,2022,FNU SUSANTO,5:33:52,32957
Chicago,2022,ANASTASIA SUTANTO,4:41:02,24111
Chicago,2022,DAVID SUTANTO,4:05:17,15886
Chicago,2022,WILLIAM SUTANTO,4:23:58,20154
Chicago,2022,HARDI TANAMAL,3:18:01,4492
Chicago,2022,GRACIA TANAMAS,4:23:00,19941
Chicago,2022,WELEM TANNASA,3:25:48,6079
Chicago,2022,ANYANTI THESMAN,4:53:25,26682
Chicago,2022,IRWAN TJAHJADI,4:48:25,25672
Chicago,2022,JIMMY TJAHJANTO,4:35:43,22901
Chicago,2022,AMELIA TJANDRA,4:06:28,16177
Chicago,2022,JESLYNE TJOKRORAHARDJO,4:14:58,18107
Chicago,2022,MULYADI TJUNG,5:00:11,28100
Chicago,2022,RAYENDRA TOBING,5:48:07,34586
Chicago,2022,WIWIEK TRISOECIANTY,4:37:46,23374
Chicago,2022,NUGRAHA TRIYUDANTA,6:28:00,37678
Chicago,2022,MOHAMMAD URFIANTO,4:51:50,26367
Chicago,2022,ERI WIBOWO,7:11:02,38905
Chicago,2022,WILLY WIDJAJA,3:25:57,6110
Chicago,2022,ANDRE WIDJAJANTO,4:08:57,16725
Chicago,2022,BARYADI WIJAYA,6:06:38,36308
Chicago,2022,HIZKIA WIJAYA,6:23:25,37436
Chicago,2022,LEONARTA WIJAYA,4:31:34,21995
Chicago,2022,SUTOTO YAKOBUS,4:49:30,25900
Chicago,2022,PAULUS YOESOEF,4:07:45,16447
Chicago,2022,EKO YULIANTO,5:58:40,35648
Chicago,2022,AGNES YULIAVITRIANI,3:55:17,13168
Chicago,2022,WIDIARTI YUWONO,4:16:16,18396
Chicago,2022,SUZANNA ZAS,6:53:34,38617
Chicago,2023,ASMIN A,4:29:07,29175
Chicago,2023,WAHYU A,4:34:31,30618
Chicago,2023,RISMAN ABIDIN,5:17:36,39739
Chicago,2023,BUNJAMIN ACHMAD,5:56:52,44645
Chicago,2023,FAJAR ADHIYAT,5:15:53,39479
Chicago,2023,ASTARI ADITYAWATI,5:37:28,42462
Chicago,2023,NURAINI ADIWATI,5:18:35,39894
Chicago,2023,RYARDNA ADREANSYAH,4:37:14,31303
Chicago,2023,FERHAT AFKAR,4:53:10,35245
Chicago,2023,EDDY AGUSSALIM,4:40:20,32144
Chicago,2023,SULASTRI AHMAD,5:03:59,37460
Chicago,2023,AULIA AKBAR,5:41:00,42888
Chicago,2023,RUBY ALAMSYAH,5:25:12,40859
Chicago,2023,AFFAN ALAMUDI,6:47:26,47605
Chicago,2023,ALDY ALDY,5:07:16,38019
Chicago,2023,ANITA ALI,3:52:19,17779
Chicago,2023,ANDI ALISJAHBANA,4:42:03,32561
Chicago,2023,IRENE ALISJAHBANA,3:37:57,12898
Chicago,2023,ERNY AMBARITA,6:54:22,47764
Chicago,2023,YOVITA ANANTA,4:47:19,33903
Chicago,2023,AGUNG ANDRIAN,5:23:44,40638
Chicago,2023,NOVRITA ANDRIANA,6:03:53,45277
Chicago,2023,CICILIA ANGGARA,5:02:46,37256
Chicago,2023,FRAYA ANINDITA,4:44:34,33227
Chicago,2023,ELVIS ANIZAR,9:41:14,48429
Chicago,2023,DEVI ANSYAH,4:17:51,25956
Chicago,2023,IMANUEL APRIEL,3:44:23,14978
Chicago,2023,SANCAKA ARDI,4:58:26,36447
Chicago,2023,RULLY ARDIANTO,4:03:21,21882
Chicago,2023,FERRY ARITONANG,5:35:53,42286
Chicago,2023,I ARTA,4:47:38,33973
Chicago,2023,RUSLY ASKAR,4:37:45,31427
Chicago,2023,YULIA ASTUTI,4:40:56,32289
Chicago,2023,AVILIANI AVILIANI,7:04:27,47957
Chicago,2023,AHMAD BADRUDDIN,5:54:12,44368
Chicago,2023,MIZZEL BADRUDDIN,4:47:16,33880
Chicago,2023,FAHRIL BAHARUDDIN,3:33:58,11747
Chicago,2023,TANDU BAMBANG,3:39:10,13320
Chicago,2023,EDWARD BARIMBING,4:58:42,36508
Chicago,2023,BARRY BARRY,4:02:20,21633
Chicago,2023,NAMIRA BOWO,6:25:08,46670
Chicago,2023,IRMAN BOYLE,4:41:36,32460
Chicago,2023,TUNGGA BUANA,4:41:58,32542
Chicago,2023,DAVID BUDIARTO,4:33:44,30416
Chicago,2023,FRANSISCA BUDIMAN,5:10:20,38524
Chicago,2023,GIANIE BUDSTAMAM,6:14:15,46005
Chicago,2023,CISYELYA BUNYAMIN,5:54:52,44446
Chicago,2023,NEGARA CAHYA,4:13:08,24621
Chicago,2023,HANGGA CAHYANTO,3:29:45,10522
Chicago,2023,NOVIANNA CAROLINTINA,6:22:35,46512
Chicago,2023,ELLIS CARSO,5:04:53,37611
Chicago,2023,ADELINAH CHANDRARAHARDJA,5:39:59,42760
Chicago,2023,ADRYANSYAH CHANIAGO,4:24:15,27790
Chicago,2023,KURNIA CHENDANA,4:14:40,25049
Chicago,2023,ARLIN CHONDRO,4:56:47,36033
Chicago,2023,HERMANTO CHRISTIAN,6:03:17,45236
Chicago,2023,CHRISTIANA CHRISTIANA,5:23:43,40633
Chicago,2023,BERNADETTE CONY,6:40:53,47429
Chicago,2023,MELLIA DAHMIN,6:07:03,45519
Chicago,2023,DENI DAMAYANTO,4:01:39,21450
Chicago,2023,TEDDY DANAS,4:13:37,24774
Chicago,2023,CANTYO DANNISWORO,3:57:54,20073
Chicago,2023,ADI DARMAPUTRA,4:44:27,33188
Chicago,2023,TAUFAN DARUSSALAM,3:56:11,19367
Chicago,2023,IRINA DEWI,5:45:22,43429
Chicago,2023,MARIA DEWI,5:35:22,42232
Chicago,2023,GITA DIMARSANDY,5:32:25,41867
Chicago,2023,YENNI DJAJALAKSANA,4:08:10,23204
Chicago,2023,DINALIA DJAMALUS,6:01:52,45121
Chicago,2023,ARIS DJANARDONO,5:02:49,37270
Chicago,2023,DJONIE DJONIE,4:28:21,28931
Chicago,2023,SUHADI DWIJOMARTONO,5:00:30,36878
Chicago,2023,PANJI DWIPRAKOSO,3:33:45,11678
Chicago,2023,SHINTA EKAPUTRI,6:03:18,45238
Chicago,2023,SURYADI ERNAWAN,5:07:00,37969
Chicago,2023,DESSY FADJRIATY,6:07:41,45567
Chicago,2023,ANNISA FAJRIN,5:00:47,36932
Chicago,2023,RIZTA FALAK,5:59:41,44941
Chicago,2023,FIQHO FALDERIKO,3:50:08,17034
Chicago,2023,AUDI FAREZA,4:50:24,34631
Chicago,2023,FEBRIANTO FEBRIANTO,4:16:22,25540
Chicago,2023,ANGREKTA FERLIN,5:40:49,42866
Chicago,2023,FIFIANTY FIFIANTY,4:30:02,29463
Chicago,2023,MUHAMMAD FIKRI,3:47:35,16099
Chicago,2023,KHAFID FIRDAUS,6:04:51,45365
Chicago,2023,HANANI FISAFARANI,4:40:55,32279
Chicago,2023,GITA FITRI,4:36:32,31123
Chicago,2023,RULLY FITTIPALDY,4:53:56,35417
Chicago,2023,NGAKAN GANDHI,4:46:51,33785
Chicago,2023,INDRAWANITA GEES,5:47:38,43716
Chicago,2023,AGUSTINUS GINTING,5:58:51,44850
Chicago,2023,ANNY GORAT,4:09:10,23493
Chicago,2023,YADY GUITANA,5:10:10,38499
Chicago,2023,HELEN GULTOM,4:54:50,35627
Chicago,2023,BAMBANG GUNAWAN,5:22:31,40462
Chicago,2023,FIRMAN GUNAWAN,3:22:50,8260
Chicago,2023,RICKY GUNAWAN,4:47:19,33898
Chicago,2023,FIRMAN HADI,4:48:24,34175
Chicago,2023,PRI HADIYANTO,6:16:01,46137
Chicago,2023,YULIAN HADROMI,7:28:10,48205
Chicago,2023,BUDI HALIM,3:43:58,14822
Chicago,2023,HANDAYANI HALIM,4:12:10,24366
Chicago,2023,RIZKIATI HAMAMI,5:55:36,44516
Chicago,2023,HAM HAMDANY,4:19:50,26587
Chicago,2023,LUCIANE HANDAYANI,5:40:14,42794
Chicago,2023,AMANDA HARAHAP,5:30:11,41576
Chicago,2023,AMARIS HARAHAP,5:43:16,43152
Chicago,2023,LINA HARDY,4:44:51,33301
Chicago,2023,SOEJONO HARI,4:04:28,22166
Chicago,2023,MEIDITASARI HARTANIAH,5:04:52,37607
Chicago,2023,SRI HARTONO,5:37:09,42427
Chicago,2023,DINDA HASTO,5:33:07,41944
Chicago,2023,ALDWIN HENDRADI,3:03:56,3877
Chicago,2023,FREDDY HENDRADJAJA,4:31:53,29942
Chicago,2023,KARTIKA HENDRAWAN,4:10:28,23891
Chicago,2023,HENLI HENLI,4:43:36,32990
Chicago,2023,CRESCENTO HERMAWAN,4:27:20,28667
Chicago,2023,SUNGKAR HOUTAMA,4:20:52,26855
Chicago,2023,INDRIATI HUSADA,5:25:53,40963
Chicago,2023,KRISTIN HUSEN,5:05:59,37799
Chicago,2023,RIDHANIA HUTAGALUNG,4:57:08,36129
Chicago,2023,THAMAR HUTAPEA,6:27:11,46787
Chicago,2023,AULIA IBRAHIM,3:33:08,11491
Chicago,2023,KEMAL IDRIS,4:48:55,34294
Chicago,2023,SISKA IENDRA,4:17:59,26000
Chicago,2023,MOHAMAD IQBAL,5:56:39,44620
Chicago,2023,VIRSYA IRSYAD,6:33:14,47101
Chicago,2023,ZAENURI ISHAK,4:02:12,21600
Chicago,2023,IBNU JAMIL,4:55:09,35697
Chicago,2023,IRDIYAN JANUAR,6:32:43,47070
Chicago,2023,JOHN JAUW,3:53:46,18331
Chicago,2023,TJIPTO JAYADI,5:48:08,43760
Chicago,2023,YUNITA JOCOM,5:13:24,39045
Chicago,2023,PAMELA JOUWENA,4:28:21,28928
Chicago,2023,JULYASARI JULYASARI,4:53:53,35400
Chicago,2023,JUMHARDANI JUMHARDANI,5:43:42,43190
Chicago,2023,SILVIA JUNAIDI,5:46:39,43589
Chicago,2023,MUHAMMAD JUNANTO,6:09:19,45680
Chicago,2023,DIANA KAHAR,5:10:46,38578
Chicago,2023,IMMANUELA KALANGIE,6:06:08,45456
Chicago,2023,CHRISTOPHER KAPUANGAN,4:05:47,22512
Chicago,2023,IRA KARTIKA,6:12:01,45844
Chicago,2023,SARI KARTIKA,4:12:10,24368
Chicago,2023,DEVI KHRISNA,6:01:38,45106
Chicago,2023,PRASETYANUGRAHENI KRESHANTI,5:45:58,43506
Chicago,2023,CHRISTILLA KRISNA,4:58:01,36348
Chicago,2023,HASTO KRISTIYONO,5:58:29,44822
Chicago,2023,ALEXANDER KUNTORO,3:59:57,20980
Chicago,2023,DENNY KURNIA,6:00:09,44981
Chicago,2023,WIKA KURNIA,4:48:56,34297
Chicago,2023,MARIA KURNIATI,5:31:28,41747
Chicago,2023,ALEXANDER KURNIAWAN,4:20:58,26880
Chicago,2023,ANGUS KURNIAWAN,4:03:11,21837
Chicago,2023,MICHELLE KURNIAWAN,6:07:52,45573
Chicago,2023,PAUL KUSEN,3:51:44,17592
Chicago,2023,IRSAN KUSUMA,4:29:02,29144
Chicago,2023,MICHAEL KWEE,4:08:38,23333
Chicago,2023,WELLY KWONG,3:53:09,18092
Chicago,2023,VELISIA LANGELO,4:44:13,33117
Chicago,2023,RIANA LASTARI,4:18:15,26074
Chicago,2023,S LASTRIATY,4:51:07,34810
Chicago,2023,HANDI LATUMETAN,6:08:21,45609
Chicago,2023,TEDDY LEGI,4:16:59,25705
Chicago,2023,SYENNI LEIMENA,4:37:45,31430
Chicago,2023,AGOSTINA LEOWARDI,4:47:37,33969
Chicago,2023,WILLIAM LESMANA,2:54:36,2000
Chicago,2023,RATMIJATI LESTARI,6:37:24,47307
Chicago,2023,DWI LILYANA,6:04:50,45364
Chicago,2023,GILBERT LIONG,3:25:13,9044
Chicago,2023,MAHATUR MAFELA,6:05:55,45450
Chicago,2023,ROULI MAGDALENA,5:58:49,44844
Chicago,2023,INDIRA MAHARANI,6:24:11,46609
Chicago,2023,EMIRATINA MALADIN,7:23:41,48167
Chicago,2023,MESYA MANDAWI,5:41:35,42953
Chicago,2023,RONALD MANULLANG,3:39:26,13422
Chicago,2023,KARI MANYARU,4:15:54,25412
Chicago,2023,MARDIYANTO MARDIYANTO,4:16:32,25597
Chicago,2023,WYNNIE MARGATAN,3:38:49,13192
Chicago,2023,NENY MARIANI,4:44:58,33329
Chicago,2023,MAYA MARIANY,4:02:21,21635
Chicago,2023,LINDAWATI MARJATI,5:44:56,43361
Chicago,2023,LORA METALIZA,6:07:04,45523
Chicago,2023,MILDA MICHELLY,5:46:40,43591
Chicago,2023,RITA MIRASARI,6:41:46,47455
Chicago,2023,RINA MORRISSEY,4:10:12,23818
Chicago,2023,NI MULIYATI,5:30:08,41568
Chicago,2023,EVAN MULYANA,5:21:53,40370
Chicago,2023,LACRIMA MUSTIKASARI,5:27:50,41223
Chicago,2023,AYU NABILAH,6:26:16,46732
Chicago,2023,NOFRIYON NASIR,5:27:36,41184
Chicago,2023,KEVIN NASUTION,3:56:38,19533
Chicago,2023,ALIYYA NATASHA,5:09:31,38385
Chicago,2023,FEBER NETYANTAKA,4:25:12,28072
Chicago,2023,JUNI NG,3:51:10,17397
Chicago,2023,NOVIATI NG,4:32:01,29977
Chicago,2023,DEWI NILASARI,6:34:07,47159
Chicago,2023,CHRISTIAN NJOO,3:11:45,5446
Chicago,2023,PAHALA NUGRAHA,5:46:35,43581
Chicago,2023,YUDI NUGRAHA,4:11:00,24047
Chicago,2023,ARY NUGROHO,4:47:27,33924
Chicago,2023,DIKKI NURAHMAN,5:07:48,38107
Chicago,2023,DINA NURDIANA,6:16:30,46170
Chicago,2023,JULIANY NURDIN,6:25:33,46697
Chicago,2023,EDITHA NURIDA,3:53:01,18056
Chicago,2023,MAULINDA NURINDAH,5:15:25,39398
Chicago,2023,IRZA NURMAL,5:15:50,39469
Chicago,2023,ALINAPIAH NURSAM,5:37:54,42509
Chicago,2023,RIZKY OKTABRIYADI,3:45:10,15263
Chicago,2023,HENDRI PARDEDE,4:20:05,26653
Chicago,2023,REINA PAWITRA,5:29:02,41403
Chicago,2023,GABRIELLA PELLA,4:55:56,35850
Chicago,2023,JOHAN PERMANA,3:18:04,6916
Chicago,2023,JOKO PHIE,5:40:49,42867
Chicago,2023,RIVANDI PHOENG,5:59:51,44956
Chicago,2023,YUDITIO PONDIUTOMO,5:21:21,40297
Chicago,2023,RANGGA PRAKOSO,5:38:33,42594
Chicago,2023,MOZA PRAMONO,6:58:40,47858
Chicago,2023,AZSAR PRANANDA,4:18:03,26010
Chicago,2023,GERALDI PRANATA,3:16:12,6487
Chicago,2023,ANDHIKA PRATAMA,5:10:28,38534
Chicago,2023,CINTYAWELA PRAWITA,5:51:13,44087
Chicago,2023,ALYSHA PRIMASANY,5:03:32,37389
Chicago,2023,DWI PROBOWATI,5:34:58,42177
Chicago,2023,HENNY PURNAMA,4:45:00,33340
Chicago,2023,SRI PURNAMA,6:13:33,45957
Chicago,2023,AGUNG PURNAWAN,5:40:13,42791
Chicago,2023,FARDHUZI PUTRA,4:25:31,28163
Chicago,2023,ALMA PUTRI,6:15:16,46083
Chicago,2023,ALIFIAH RACHMA,5:19:25,40012
Chicago,2023,AJI RACHMAN,3:48:32,16422
Chicago,2023,ARIEF RACHMATTULLOH,4:44:31,33209
Chicago,2023,SOEKINO RACHMINI,4:45:04,33353
Chicago,2023,TITO RAHMAN,4:15:27,25283
Chicago,2023,RYNI RAHMAWATI,5:41:24,42933
Chicago,2023,ANINDIA RAHMIWATI,5:38:35,42598
Chicago,2023,SYAHRUL RAMADHAN,4:30:44,29641
Chicago,2023,REZKI RAMADHANI,5:37:24,42453
Chicago,2023,HASAN RAMDAN,5:22:31,40460
Chicago,2023,LUCILA RANI,5:05:06,37654
Chicago,2023,FEBRIANI RASTANTY,4:21:07,26924
Chicago,2023,DEWIE RATNA,6:37:05,47294
Chicago,2023,CAECILIA RATNAWATI,5:53:56,44345
Chicago,2023,MUHAMMAD REZADI,6:10:59,45787
Chicago,2023,UMI RINASARI,4:57:20,36177
Chicago,2023,RANI RIYANTO,4:52:48,35165
Chicago,2023,MUHAMMAD RIZAL,4:51:32,34882
Chicago,2023,RENI ROMELAN,4:39:07,31803
Chicago,2023,IMRAN ROSYADI,4:20:03,26643
Chicago,2023,RULLY RULIADI,6:27:35,46805
Chicago,2023,ANDREANI RUSTANDI,4:29:09,29184
Chicago,2023,RENNY RYANT,5:59:26,44908
Chicago,2023,GHANI SABDIN,5:09:31,38386
Chicago,2023,AMALIA SAFITRI,5:41:57,42992
Chicago,2023,DANLY SAIMAN,4:11:40,24230
Chicago,2023,LAKSAMANA SAKTI,5:46:16,43544
Chicago,2023,GIGIH SAMUDERA,3:18:57,7162
Chicago,2023,BUDI SANTOSA,3:46:40,15762
Chicago,2023,WISNU SANTOSO,4:45:33,33462
Chicago,2023,SITI SANTY,5:36:37,42365
Chicago,2023,ELMINDA SARI,6:06:57,45515
Chicago,2023,NINDIA SATIMAN,5:39:05,42652
Chicago,2023,DYMAS SATRIOPROJO,7:38:58,48272
Chicago,2023,ANGGANATA SEBASTIAN,3:23:31,8468
Chicago,2023,DIMAS SETOWARDANA,4:29:35,29317
Chicago,2023,TERRY SETYABUDI,4:45:38,33475
Chicago,2023,SHANDRA SHANDRA,4:59:08,36596
Chicago,2023,HALLEY SIBORO,5:57:15,44691
Chicago,2023,ANGGIA SILALAHI,3:31:08,10928
Chicago,2023,FRANKI SIMBOLON,4:31:18,29801
Chicago,2023,DASDO SINAGA,5:04:12,37502
Chicago,2023,EVAN SINDHIKARA,3:17:38,6827
Chicago,2023,RAMESHOR SINGH,4:59:02,36578
Chicago,2023,ANRIANTY SIREGAR,3:59:31,20799
Chicago,2023,FATMA SIREGAR,5:26:50,41087
Chicago,2023,JULIUS SITANAYA,4:02:24,21650
Chicago,2023,AMRAN SITINJAK,3:12:24,5599
Chicago,2023,LIDIA SOEGIMAN,4:34:17,30558
Chicago,2023,INDIRA SOEKASAH,4:37:18,31320
Chicago,2023,SYLVIA SOENDJOJO,7:31:55,48226
Chicago,2023,SISILIA SOEWARDI,3:58:15,20232
Chicago,2023,RICHARD STEPHANUS,4:44:22,33169
Chicago,2023,SISMA SUADI,5:00:04,36799
Chicago,2023,ARIEF SUBEKTI,6:27:01,46778
Chicago,2023,HARMAWAN SUGANA,6:23:26,46556
Chicago,2023,CHRISTIAN SUGIARTO,6:47:15,47598
Chicago,2023,TODDY SUGOTO,3:18:57,7159
Chicago,2023,DOLLARIS SUHADI,5:03:45,37425
Chicago,2023,ASHKA SUNARYA,6:06:46,45500
Chicago,2023,JESSICA SUNDOJO,4:55:49,35827
Chicago,2023,MIRANDA SUNDOJO,4:48:20,34162
Chicago,2023,AGUS SUROTO,4:54:20,35507
Chicago,2023,IVAN SURYA,5:25:36,40924
Chicago,2023,MELANY SUSANTA,4:42:59,32829
Chicago,2023,HIZKIA SUSANTO,4:08:33,23307
Chicago,2023,TRI SUSILOWATI,4:37:44,31426
Chicago,2023,SUYOTO SUYOTO,4:59:01,36574
Chicago,2023,WANTI SYAIFULLAH,4:22:14,27217
Chicago,2023,ACHMAD SYARIFUDDIN,4:17:32,25870
Chicago,2023,JEFFREY TAN,5:37:10,42430
Chicago,2023,TRIWANO TAN,3:59:29,20786
Chicago,2023,MEYDI TANGKA,3:17:42,6845
Chicago,2023,NIKEN TANITA,6:22:30,46511
Chicago,2023,YANINTA TARIGAN,5:52:20,44196
Chicago,2023,AKHMAD TAUFIQ,4:14:09,24912
Chicago,2023,CAROLINE THADATE,4:02:52,21740
Chicago,2023,PATRISIA TICOALU,5:02:08,37144
Chicago,2023,STEFAN TIRTA,4:31:11,29778
Chicago,2023,DONNY TJAHYADIKARTA,2:56:30,2370
Chicago,2023,HENDRIAN TJEN,5:15:03,39352
Chicago,2023,HENTY TJHIN,5:47:44,43724
Chicago,2023,EASTER TOBING,7:04:29,47958
Chicago,2023,WINDY TRIHANDAYANI,5:21:02,40258
Chicago,2023,MILUG TRISARJONO,5:39:14,42672
Chicago,2023,ADRI TRIWITJAHJO,5:33:43,42030
Chicago,2023,TRIYANGSIH TRIYANINGSIH,4:27:57,28831
Chicago,2023,THOENG TUNGADI,4:43:19,32911
Chicago,2023,AMYRA UNO,5:40:04,42770
Chicago,2023,LATIEF URANIA,7:25:55,48185
Chicago,2023,SARAH USMAN,3:50:15,17077
Chicago,2023,HANDOKO UTOMO,3:58:51,20501
Chicago,2023,SIGIT WAHONO,4:22:01,27155
Chicago,2023,SENTANU WAHYUDI,3:59:46,20907
Chicago,2023,ARINTA WAHYUNINGRUM,5:59:25,44907
Chicago,2023,STENA WAKKARY,4:46:30,33696
Chicago,2023,ATTA WANGGAI,5:11:29,38710
Chicago,2023,SOFIA WANGSADINATA,6:30:25,46944
Chicago,2023,STEVEN WIBAWA,4:21:08,26931
Chicago,2023,SETIYO WIBOWO,3:45:54,15505
Chicago,2023,GEMPUR WIDANSYAH,6:14:27,46015
Chicago,2023,AIRIN WIDJAJA,6:02:20,45147
Chicago,2023,DICKIE WIDJAJA,5:38:00,42521
Chicago,2023,AZKA WIDYANTI,5:19:05,39977
Chicago,2023,BARKAH WIDYANTORO,4:41:40,32482
Chicago,2023,SUGANDA WIHARDJO,4:30:58,29722
Chicago,2023,HERRY WIJAYA,3:11:52,5469
Chicago,2023,BUDIMAN WIKARSA,4:24:20,27819
Chicago,2023,MUKHAMAD WIRAGUNS,3:41:27,14046
Chicago,2023,KARTIKA WOHON,5:13:37,39082
Chicago,2023,ENDRU YUTAKA,5:14:39,39275
Chicago,2023,DERISA ZAHARA,5:31:37,41771
Chicago,2023,SUZANNA ZAS,6:38:51,47361
Chicago,2023,DHANNIE ZAWIR,4:54:26,35524
Chicago,2024,INTAN ABDAMS,7:34:17,51900
Chicago,2024,ROHIMAT ABDULLAH,4:40:53,34988
Chicago,2024,FATHIMAH ACHMAD,4:16:56,28058
Chicago,2024,ADAM ADAM,5:10:20,41731
Chicago,2024,CATHLINE ADHIWIDJAJA,4:57:25,39153
Chicago,2024,DATU ADIATMA,4:00:27,23062
Chicago,2024,NYAK ADRIANI,5:52:36,47832
Chicago,2024,SURYAWAN AGUS,4:43:07,35578
Chicago,2024,MARSITO AGUSTINUS,3:45:56,17128
Chicago,2024,SULASTRI AHMAD,6:50:04,51283
Chicago,2024,YESHIKA ALVERSIA,4:39:37,34658
Chicago,2024,LIA AMALIA,6:10:00,49357
Chicago,2024,ARIZKA ANDARI,4:54:00,38342
Chicago,2024,MIRIAM ANDRETA,4:47:43,36733
Chicago,2024,LUCKY ANGGADIKUSUMAH,4:53:54,38316
Chicago,2024,LENI ANGGRAENI,5:20:43,43522
Chicago,2024,HENNY ANGGRAINI,3:52:39,19657
Chicago,2024,STEPHANIE ANWAR,4:50:39,37557
Chicago,2024,NI APRILIA,5:36:51,45942
Chicago,2024,HANUM ARIFIANI,4:49:19,37175
Chicago,2024,YOSEPH ARIFIN,3:55:26,20807
Chicago,2024,RAMADHANA ARISTYA,4:59:47,39733
Chicago,2024,WIDDI ASWINDI,5:36:08,45856
Chicago,2024,SHINTA AUGER,5:57:42,48352
Chicago,2024,RIYAN BAHARUDIN,3:39:26,14762
Chicago,2024,ALVIN BAMBANG,4:07:33,25185
Chicago,2024,CHRISTABELLA BASTIAN,4:58:24,39415
Chicago,2024,ANGELA BAWONO,4:44:56,36045
Chicago,2024,EDUARDUS BAWONO,3:10:52,5606
Chicago,2024,DITYA BAYU,5:47:33,47229
Chicago,2024,PUTRA BAYU,5:28:53,44784
Chicago,2024,FIFI BONEFACIA,3:44:31,16597
Chicago,2024,NUGROHO BRAMANTYO,3:53:29,19983
Chicago,2024,BUDIMAN BUDIMAN,3:57:37,21796
Chicago,2024,EDWIN BUNAWAN,4:16:07,27783
Chicago,2024,VITA CAHYOJATI,5:12:15,42087
Chicago,2024,ENDY CAHYONO,4:34:07,33121
Chicago,2024,GERARDUS CAHYOTRIANTOMO,4:46:57,36565
Chicago,2024,ALYSIA CAPELLE,5:47:36,47237
Chicago,2024,YOAN CATHERINA,4:09:10,25675
Chicago,2024,IRWAN CENDIKIAWAN,3:06:34,4558
Chicago,2024,HENNY CHAN,5:20:24,43472
Chicago,2024,JOE CHANDRA,4:58:30,39453
Chicago,2024,FELIX CHARLES,3:24:05,9532
Chicago,2024,SENNY CHENDRA,5:02:40,40327
Chicago,2024,DENNY CHIRSTIAN,3:56:53,21459
Chicago,2024,TJAN CHRISTIAN,3:57:39,21805
Chicago,2024,SAID CHUMAINIAH,5:41:07,46472
Chicago,2024,IIN CHURININ,5:21:32,43644
Chicago,2024,VILIA CLARISSA,3:55:51,20962
Chicago,2024,CUT CYNTHIA,6:39:51,50962
Chicago,2024,NURWITA DAMAYANTI,6:50:07,51285
Chicago,2024,JACKY DANIEL,4:36:42,33803
Chicago,2024,NANDA DANISWARA,4:58:59,39566
Chicago,2024,OKTA DASRIL,6:48:05,51212
Chicago,2024,ANNISA DEA,6:12:54,49547
Chicago,2024,ARISTO DELMAYUZAR,4:15:14,27516
Chicago,2024,RISKA DESIANA,6:11:41,49462
Chicago,2024,HARY DEVIANTO,5:36:52,45945
Chicago,2024,ADI DEWANTO,5:51:14,47681
Chicago,2024,EKA DHARMAWAN,4:52:54,38054
Chicago,2024,DIHARINI DIHARINI,4:44:43,35972
Chicago,2024,KENNY DJAENUDIN,3:46:16,17265
Chicago,2024,JONATHAN DJAJADI,3:37:29,14025
Chicago,2024,HENDY DJAUW,4:37:55,34171
Chicago,2024,RONY DOSONUGROHO,3:49:02,18235
Chicago,2024,RINA DWIKHARISTI,5:21:17,43616
Chicago,2024,VERY EKAPUTRA,5:56:42,48249
Chicago,2024,HERLINA EKAWATI,6:14:35,49643
Chicago,2024,MARDIANA EKAWATI,4:54:55,38550
Chicago,2024,DIMAS ERLANGGA,4:16:17,27845
Chicago,2024,ERWIN ERWIN,4:54:57,38559
Chicago,2024,WIDYOSENO ESTITOYO,4:48:45,37032
Chicago,2024,FADIA FABIONA,5:25:34,44301
Chicago,2024,MEI FANG,4:12:50,26782
Chicago,2024,FANLY FANLY,5:14:07,42422
Chicago,2024,YASSER FARACHAN,5:12:43,42178
Chicago,2024,REZA FATHURAHMAN,5:11:40,41974
Chicago,2024,YUDIANA FIANTO,4:57:28,39165
Chicago,2024,GARY FILBERTE,4:52:47,38032
Chicago,2024,KIKY FITRIYANTI,6:47:50,51204
Chicago,2024,HANA FRANSISCA,5:10:46,41821
Chicago,2024,ROSALINA FRANSISCA,4:37:55,34167
Chicago,2024,DANIEL GIOVANNI,3:14:28,6584
Chicago,2024,IRZA GITA,6:20:52,50028
Chicago,2024,ANNY GORAT,3:52:42,19673
Chicago,2024,ANDRIE GOTAMA,5:30:40,45086
Chicago,2024,DEVI GRADINI,5:07:10,41144
Chicago,2024,HENRY GUNARDI,3:34:46,13147
Chicago,2024,BERNADUS GUNARTO,5:30:12,45002
Chicago,2024,ANDRI GUNAWAN,4:56:01,38812
Chicago,2024,DWI GUNAWAN,4:20:19,29071
Chicago,2024,RETNO HABSHARIE,4:34:49,33302
Chicago,2024,ALINI HAFIZ,4:59:30,39680
Chicago,2024,GUNAWAN HALIM,5:31:17,45165
Chicago,2024,DIANA HANDAJA,4:52:05,37891
Chicago,2024,ESTER HANDAJANI,4:52:50,38044
Chicago,2024,TRI HANDAYANI,4:18:54,28662
Chicago,2024,HANDOKO HANDOKO,6:19:10,49930
Chicago,2024,SHERLY HANDOYO,4:45:29,36187
Chicago,2024,HANIFTYA HANIFTYA,4:48:38,36999
Chicago,2024,SMITHA HAPSARI,6:15:39,49702
Chicago,2024,DIMAS HARDIATMO,5:38:30,46163
Chicago,2024,CHRISTA HARDJONO,4:44:56,36047
Chicago,2024,WILLY HARDJONO,3:57:44,21850
Chicago,2024,MARIO HARIJANTO,5:08:45,41444
Chicago,2024,IMELDA HARSONO,4:45:34,36207
Chicago,2024,FERRY HARTONO,4:35:56,33587
Chicago,2024,LISA HASAN,4:06:45,24937
Chicago,2024,KARTIKA HENDRA,3:33:12,12649
Chicago,2024,TRI HENDRATNO,6:33:23,50712
Chicago,2024,HELENA HETHARIA,4:33:14,32882
Chicago,2024,ANN HIDAYAT,6:12:39,49527
Chicago,2024,TOPIK HIDAYAT,5:36:33,45909
Chicago,2024,JOHANNA HUTAGALUNG,5:50:33,47599
Chicago,2024,ASTRID INDRIANI,3:33:56,12875
Chicago,2024,ATHIE INDRIYATI,5:06:37,41064
Chicago,2024,ISMAWAR ISMAWAR,4:22:54,29770
Chicago,2024,RUS IVANA,5:59:35,48527
Chicago,2024,FERNANDY JAP,4:03:52,24109
Chicago,2024,KANG JIMMI,3:38:31,14411
Chicago,2024,BUDIMAN JIMRON,5:22:16,43760
Chicago,2024,JOHAN JOHAN,5:18:17,43125
Chicago,2024,JONI JONI,3:49:15,18325
Chicago,2024,KANG KANGARAN,5:16:18,42801
Chicago,2024,PUTRA KAPRINA,3:36:28,13701
Chicago,2024,MICHAEL KARTONO,4:03:42,24055
Chicago,2024,ROY KAWARE,3:53:46,20108
Chicago,2024,CORINA KOESLIONO,3:50:57,18996
Chicago,2024,CHAIDIR KOSIM,3:25:02,9844
Chicago,2024,ANASTASIA KRISTIANI,4:49:06,37122
Chicago,2024,LAURIE KUMALA,3:45:20,16908
Chicago,2024,KEN KUNANDA,3:27:30,10676
Chicago,2024,AWAL KURNIANTO,5:56:17,48193
Chicago,2024,ANDREAS KURNIAWAN,4:26:19,30765
Chicago,2024,FERRY KURNIAWAN,3:16:48,7246
Chicago,2024,HENGKIE KURNIAWAN,3:30:07,11712
Chicago,2024,ONGKI KURNIAWAN,5:07:25,41194
Chicago,2024,SELVY KURNIAWAN,3:54:53,20592
Chicago,2024,WINATAMA KURNIAWAN,4:20:36,29142
Chicago,2024,MAYA KUSMAYA,4:52:57,38069
Chicago,2024,WELLY KUSNADI,5:05:13,40804
Chicago,2024,DONNI KUSUMA,4:41:40,35202
Chicago,2024,TITA KUSUMANINGRUM,4:56:37,38965
Chicago,2024,ONG KWEI,4:45:35,36214
Chicago,2024,RANI LAELASARI,6:21:51,50091
Chicago,2024,AGUS LAHINTA,5:16:06,42765
Chicago,2024,ERIK LAI,3:51:09,19075
Chicago,2024,JEANNE LAILA,5:21:12,43599
Chicago,2024,VICTOR LESMONO,3:24:11,9574
Chicago,2024,ANGGI LESTARI,4:40:11,34822
Chicago,2024,DESY LESTARI,5:12:56,42210
Chicago,2024,HOKITO LEW,3:43:50,16288
Chicago,2024,LILY LILY,7:20:09,51800
Chicago,2024,DANIEL LIM,3:08:52,5105
Chicago,2024,DAVID LIMANJAYA,3:04:38,4162
Chicago,2024,LOLITA LOLITA,5:37:11,45989
Chicago,2024,VERONIKA LOUIS,5:14:46,42543
Chicago,2024,ENI LUFATMI,5:15:34,42685
Chicago,2024,DELVITA MACELLINA,4:52:06,37896
Chicago,2024,ADE MADJID,6:56:08,51438
Chicago,2024,ADITARA MADJID,4:35:04,33364
Chicago,2024,MARGARETHA MAHARANI,3:56:44,21379
Chicago,2024,WINNY MAITRI,4:50:38,37548
Chicago,2024,IRMAYANTI MANSYUR,4:45:43,36248
Chicago,2024,SULTHAN MANSYUR,4:42:03,35303
Chicago,2024,DANIEL MANURUNG,4:36:44,33817
Chicago,2024,DARWIN MANURUNG,5:13:57,42397
Chicago,2024,REA MARKIS,4:16:40,27961
Chicago,2024,BERTHA MARTINAULY,5:10:36,41787
Chicago,2024,IVAN MAULANA,4:42:41,35470
Chicago,2024,NINDIRA MAYASURI,4:36:55,33882
Chicago,2024,DEANDRA MAYNANDA,5:49:12,47445
Chicago,2024,SIMANJUNTAK MINARTA,5:55:55,48158
Chicago,2024,MUKHAMAD MISBAKHUN,3:48:49,18155
Chicago,2024,HERMANDY MOK,4:58:32,39460
Chicago,2024,NI MULIYATI,4:51:19,37716
Chicago,2024,BENY MULJADI,4:15:54,27723
Chicago,2024,EVAN MULYANA,4:04:00,24147
Chicago,2024,SYARIFAH MUNA,8:27:56,52045
Chicago,2024,ANDREAS NANDIWARDHANA,4:22:18,29599
Chicago,2024,JOHANNA NAPITUPULU,8:15:50,52028
Chicago,2024,MUHAMMAD NASLAN,6:08:57,49293
Chicago,2024,NATALIA NATALIA,4:23:37,29950
Chicago,2024,CHRISTIN NATALY,4:30:47,32221
Chicago,2024,BREISGA NAWANGSIDI,5:05:39,40872
Chicago,2024,STEVANO NEILHATAR,4:29:57,31974
Chicago,2024,LEXI NOVINKA,5:56:21,48204
Chicago,2024,ANDONO NUGRAHADI,5:42:14,46603
Chicago,2024,ISTIARTO NUGROHO,5:16:08,42774
Chicago,2024,SUDARMANTOBUDI NUGROHO,4:08:15,25406
Chicago,2024,DENISSA NURAGUSTI,4:16:54,28042
Chicago,2024,HAFIDZ NURHADI,6:26:24,50341
Chicago,2024,DYAH NURIA,6:24:54,50244
Chicago,2024,HALIDA NURINA,4:41:16,35086
Chicago,2024,DEDY NURJIANTO,3:55:26,20811
Chicago,2024,NURSINGGIH OCTOLIANO,3:50:12,18691
Chicago,2024,FRANSISCA OKASANAWATI,4:58:48,39521
Chicago,2024,BERLIANA PANGARIBUAN,4:20:58,29234
Chicago,2024,DIAN PARAMITA,5:47:06,47187
Chicago,2024,BINTANG PERDANAKUSUMA,4:23:42,29986
Chicago,2024,YULI PERMANA,5:54:38,48050
Chicago,2024,WITRIA PERWITASARI,5:28:09,44670
Chicago,2024,ANGGA PRABOWO,4:37:13,33958
Chicago,2024,DIMAS PRABOWO,6:35:25,50798
Chicago,2024,ASTRID PRASETYA,5:12:11,42074
Chicago,2024,MICHAEL PRASETYO,5:36:51,45941
Chicago,2024,TRISNA PRASETYO,4:57:27,39160
Chicago,2024,ELIFIAN PRIHANTO,4:10:12,25969
Chicago,2024,DINNY PRIHATINI,5:41:59,46576
Chicago,2024,LUKY PRIMADANI,5:20:33,43495
Chicago,2024,FEBRINA PRIMASANTI,4:39:55,34739
Chicago,2024,ARDYAN PULUNGAN,4:24:55,30318
Chicago,2024,SHINTA PUSPITASARI,6:53:31,51374
Chicago,2024,ROSADI PUTRA,6:32:18,50651
Chicago,2024,ARIEF RACHMATTULLOH,4:40:13,34828
Chicago,2024,RAFAEL RAFAEL,4:22:31,29659
Chicago,2024,ADE RAHADINI,5:45:56,47058
Chicago,2024,MARKUS RAHARDJA,5:34:55,45687
Chicago,2024,SOFYAN RAHARJO,4:36:38,33784
Chicago,2024,RISKA RAHMAWATI,4:41:08,35048
Chicago,2024,RISNA RAJAB,5:05:26,40838
Chicago,2024,GILANG RAMADHAN,5:01:08,40007
Chicago,2024,NAMIRA RAMADINA,4:17:55,28371
Chicago,2024,LAFRIK RANGKUTY,3:52:57,19768
Chicago,2024,VIVI RARANTIKA,5:07:52,41274
Chicago,2024,MARIA RARASADHYA,4:38:35,34377
Chicago,2024,UTAMI RETNO,6:06:53,49117
Chicago,2024,ANDRI RIAD,4:52:01,37872
Chicago,2024,MARCELINA RIGATI,4:36:53,33861
Chicago,2024,SLAMET RIYADI,4:25:14,30428
Chicago,2024,MUHAMMAD RIZKI,4:26:34,30826
Chicago,2024,ELYAN ROBERT,4:56:29,38931
Chicago,2024,RIRIN ROSALIN,5:18:44,43200
Chicago,2024,RADITYA RUSDI,5:32:20,45326
Chicago,2024,IBNU RUSIMA,4:37:14,33969
Chicago,2024,DEWI RUSMIATI,5:37:55,46090
Chicago,2024,FITHRI SADIQAH,4:27:26,31119
Chicago,2024,KARISMA SAFIRA,6:17:15,49794
Chicago,2024,ROMA SAGALA,3:59:31,22719
Chicago,2024,DECKY SAHERTIAN,4:38:27,34339
Chicago,2024,IRSYAD SAHRONI,4:08:06,25358
Chicago,2024,LIZA SAKO,4:44:16,35849
Chicago,2024,ANDRIAN SALEH,4:34:49,33301
Chicago,2024,HINDRA SALIM,5:03:37,40508
Chicago,2024,FURQON SAMARA,4:01:37,23419
Chicago,2024,ELYA SAMSUDDIN,6:44:06,51094
Chicago,2024,SANDRY SANDRY,3:47:06,17540
Chicago,2024,ALYA SANI,5:38:06,46123
Chicago,2024,CHAIRUL SANI,5:08:06,41325
Chicago,2024,LIE SANJAYA,4:11:58,26522
Chicago,2024,HENRY SANTO,5:59:34,48525
Chicago,2024,AGUS SANTOSA,4:17:27,28200
Chicago,2024,EKO SANTOSO,4:46:13,36374
Chicago,2024,LUCY SAPRI,5:46:26,47112
Chicago,2024,DAVID SAPUTRA,3:59:26,22682
Chicago,2024,SITIO SARAGI,5:05:52,40912
Chicago,2024,ANNISAA SARI,4:40:52,34984
Chicago,2024,ILMA SARI,4:53:55,38322
Chicago,2024,SETIO SAROSO,4:41:31,35163
Chicago,2024,AUFAR SATRIA,4:23:29,29916
Chicago,2024,EKA SATRIA,5:04:20,40641
Chicago,2024,YULVIRA SAVINDRI,3:52:57,19766
Chicago,2024,WINI SEKARTINI,4:40:39,34928
Chicago,2024,YOLANDA SEPTIANI,5:53:11,47885
Chicago,2024,HENDY SETIAWAN,4:55:17,38641
Chicago,2024,SUSY SHIN,4:50:23,37465
Chicago,2024,HERLAN SIAGIAN,6:18:02,49852
Chicago,2024,JULIWATI SIAGIAN,4:36:44,33818
Chicago,2024,DEWI SIAHAAN,5:40:25,46390
Chicago,2024,TONGAM SIAHAAN,7:35:34,51909
Chicago,2024,HALLEY SIBORO,6:38:59,50934
Chicago,2024,TO SIE,4:21:14,29306
Chicago,2024,ANTHONY SIETO,5:01:52,40166
Chicago,2024,NADIA SINGGIH,5:07:52,41273
Chicago,2024,ANAS SIRAT,6:00:28,48594
Chicago,2024,YEANE SIREGAR,5:41:48,46562
Chicago,2024,. SISWADI,5:00:33,39891
Chicago,2024,BENNY SITOHANG,5:07:18,41169
Chicago,2024,SUNNY SOEWANTO,5:32:49,45379
Chicago,2024,MELLANI SOLAGRATIA,5:31:06,45141
Chicago,2024,RONALD SONDAKH,4:34:56,33326
Chicago,2024,QUEENTRY SONDARI,5:13:05,42239
Chicago,2024,BAGAS SRIPURWANDITO,4:39:07,34520
Chicago,2024,LISAN SUBAGIO,5:02:43,40333
Chicago,2024,SETIAWAN SUDHARMA,4:55:33,38693
Chicago,2024,ZAID SUGIYANTO,4:39:06,34518
Chicago,2024,HENDRIYANTO SUHANDI,3:52:47,19699
Chicago,2024,ARIANE SUHARDJO,4:34:51,33312
Chicago,2024,AMIR SUHERLAN,5:39:31,46290
Chicago,2024,AULIA SUHUBDY,6:01:52,48717
Chicago,2024,DAVID SULAIMAN,5:03:04,40398
Chicago,2024,HEDI SULEIMAN,6:52:45,51343
Chicago,2024,OLIS SULI,4:24:59,30344
Chicago,2024,YULIA SUMENDAP,4:21:40,29415
Chicago,2024,DEDE SUPRA,3:24:30,9674
Chicago,2024,ANDARI SUPRAPTO,5:00:27,39873
Chicago,2024,SURIANSYAH SURIANSYAH,6:04:07,48886
Chicago,2024,WILSON SURYAHUSADA,3:37:48,14148
Chicago,2024,LEONARD SURYAJAYA,4:13:08,26879
Chicago,2024,ANA SUTRIANA,5:52:52,47853
Chicago,2024,ASEP SUWANDHA,6:47:26,51186
Chicago,2024,YUDLINA SYAFITRI,6:04:07,48888
Chicago,2024,SILVIANTY SYAFRUDDIN,5:54:45,48064
Chicago,2024,PUTERA SYAH,6:15:39,49700
Chicago,2024,MERRY SYEFRIDA,5:20:54,43552
Chicago,2024,LUKYANTO TAMAJAYA,4:12:48,26777
Chicago,2024,KAISHA TAMARA,4:28:01,31335
Chicago,2024,ANDY TAN,5:42:15,46604
Chicago,2024,WESLEY TANOTO,3:59:48,22853
Chicago,2024,DEBORA TANOYO,4:18:03,28409
Chicago,2024,REBECCA TANOYO,5:15:26,42662
Chicago,2024,CHRISTIANO TANSOL,3:32:37,12487
Chicago,2024,LYDIA TARIGAN,5:22:50,43858
Chicago,2024,SUKIATY TENTUNATA,5:34:15,45600
Chicago,2024,TESSA TESSA,4:50:44,37574
Chicago,2024,ANDREAS THAMRIN,4:27:27,31139
Chicago,2024,JAHJA TJAHJANA,3:21:32,8715
Chicago,2024,ALIYA TJAKRAAMIDJAJA,5:21:51,43693
Chicago,2024,BUI TJHIN,3:25:22,9928
Chicago,2024,EWIFIEWANTY TJHIN,4:58:40,39486
Chicago,2024,WEI TJU,4:53:11,38114
Chicago,2024,SARAH VASWANI,5:28:06,44659
Chicago,2024,YUNIARTO WAGIMAN,5:20:45,43525
Chicago,2024,YOVI WARDANI,6:32:08,50641
Chicago,2024,WEI WELLYANTO,3:09:30,5243
Chicago,2024,BOMA WIBOWO,4:56:58,39037
Chicago,2024,SIGIT WICAKSONO,5:24:23,44110
Chicago,2024,PUTU WIDAWATI,6:46:48,51166
Chicago,2024,HENDRI WIDIARTA,3:59:22,22652
Chicago,2024,MARIA WIDIASUSANTY,6:38:59,50933
Chicago,2024,EDDY WIDJAJA,3:17:22,7404
Chicago,2024,MAGDALENA WIDJAJA,4:03:51,24102
Chicago,2024,TIFFANY WIDJAJA,5:28:19,44698
Chicago,2024,MARLENE WIDJONARKO,4:27:35,31174
Chicago,2024,SILVY WIDYANINGRUM,5:39:18,46262
Chicago,2024,GANEQA WIDYASTUTI,7:35:27,51907
Chicago,2024,ERWIN WIJAYA,3:15:35,6917
Chicago,2024,WILSON WIJAYA,4:47:05,36590
Chicago,2024,YOSEPH WIKATAMA,4:41:34,35174
Chicago,2024,BONAVENTURA WIMATAMA,5:04:05,40596
Chicago,2024,WINARTA WINARTA,4:15:22,27558
Chicago,2024,RAMA WIRAWAN,5:29:53,44950
Chicago,2024,JUVITA WIRYAARTANTO,4:16:01,27761
Chicago,2024,DARYANTO WITARSA,4:01:21,23343
Chicago,2024,PING YANTI,4:37:13,33962
Chicago,2024,JUNAIDI YAP,4:54:27,38436
Chicago,2024,TIRTO YUANDI,4:47:58,36804
Chicago,2024,ARVY YUANTARA,3:54:23,20372
Chicago,2024,WASISTO YUDISAPUTRO,4:33:25,32928
Chicago,2024,NORA YULIANI,4:36:12,33679
Chicago,2024,CHRISTIN YULIANTI,6:01:31,48680
Chicago,2024,YULIANTI YULIANTI,5:27:40,44592
Chicago,2024,INDIRA YUSTIKANIA,5:33:30,45482
Chicago,2024,MARISKA ZAENAL,4:00:12,22992
Chicago,2024,ABUBAKAR ZUBEIDI,4:26:09,30717
Chicago,2024,KARIN ZULKARNAEN,6:16:31,49756